region,country,state,city,distinct_postal_codes,total_orders,distinct_customers,total_order_lines,total_sales,total_quantity,total_profit,average_complete_order_value,comparable_profit_margin_percentage,average_shipping_days,minimum_shipping_days,maximum_shipping_days,unknown_sales_lines,unknown_quantity_lines,unknown_profit_lines,orders_with_unknown_sales,orders_with_unknown_profit,complete_loss_making_orders
Central,Canada,Manitoba,Winnipeg,2,4,2,12,359.688000,40,160.204500,99.1626666667,35.3172228796,3.0000,2,4,1,0,1,1,1,1
Central,"United States",Illinois,"Arlington Heights",1,1,1,1,14.112000,6,1.234800,14.1120000000,8.7500000000,4.0000,4,4,0,0,0,0,0,0
Central,"United States",Illinois,Aurora,1,20,20,34,7495.248000,276,-1897.873200,366.5482105263,-41.7774826633,3.6500,0,7,1,3,1,1,1,14
Central,"United States",Illinois,Bloomington,1,6,6,8,950.820000,27,-433.604300,145.8504000000,-54.5923357084,4.5000,3,6,1,0,1,1,1,2
Central,"United States",Illinois,Bolingbrook,1,3,3,6,212.612100,23,-4.661000,70.8707000000,-2.1922552856,4.0000,0,6,0,0,0,0,0,2
Central,"United States",Illinois,"Buffalo Grove",1,2,2,2,831.399000,10,-89.647800,415.6995000000,-10.7827649540,6.0000,6,6,0,0,0,0,0,1
Central,"United States",Illinois,"Carol Stream",1,1,1,5,1305.810000,18,-39.868300,1305.8100000000,-3.0531470888,4.0000,4,4,0,0,0,0,0,1
Central,"United States",Illinois,Champaign,1,1,1,1,151.960000,5,-182.352000,151.9600000000,-120.0000000000,5.0000,5,5,0,0,0,0,0,1
Central,"United States",Illinois,Chicago,3,171,155,314,46065.319000,1740,-9254.913000,283.2315034014,-22.0664280487,4.2632,0,7,24,5,23,24,20,84
Central,"United States",Illinois,Danville,1,1,1,1,43.372000,7,-69.395200,43.3720000000,-160.0000000000,5.0000,5,5,0,0,0,0,0,1
Central,"United States",Illinois,Decatur,1,9,9,22,3036.777000,77,-307.378800,369.9121250000,-12.2188178566,4.1111,2,6,1,0,1,1,1,5
Central,"United States",Illinois,"Des Plaines",1,2,2,6,1493.212000,24,-236.767400,746.6060000000,-15.8562481416,3.5000,3,4,0,0,0,0,0,1
Central,"United States",Illinois,Elmhurst,1,2,2,4,891.628000,14,-212.132100,445.8140000000,-23.7915475961,4.5000,4,5,0,0,0,0,0,2
Central,"United States",Illinois,Evanston,1,3,3,4,1753.799000,11,411.883800,584.5996666667,23.4852340548,3.6667,2,5,0,0,0,0,0,1
Central,"United States",Illinois,Frankfort,1,2,2,2,97.632000,10,-26.056000,48.8160000000,-26.6879711570,4.5000,3,6,0,0,0,0,0,1
Central,"United States",Illinois,Freeport,1,2,2,4,152.508000,9,-127.449800,45.2480000000,8.7500000000,4.0000,3,5,1,1,0,1,0,1
Central,"United States",Illinois,Glenview,1,1,1,1,158.376000,3,13.857900,158.3760000000,8.7500000000,4.0000,4,4,0,0,0,0,0,0
Central,"United States",Illinois,"Highland Park",1,3,3,7,2035.096000,28,-169.940600,678.3653333333,-8.3504955049,5.0000,4,7,0,0,0,0,0,2
Central,"United States",Illinois,Naperville,1,5,5,8,1285.495000,33,-141.045400,321.3737500000,-7.6245068601,3.8000,2,5,1,0,1,1,1,2
Central,"United States",Illinois,Normal,1,1,1,1,366.744000,4,-110.023200,366.7440000000,-30.0000000000,4.0000,4,4,0,0,0,0,0,1
Central,"United States",Illinois,"Oak Park",1,1,1,1,10.192000,7,1.019200,10.1920000000,10.0000000000,4.0000,4,4,0,0,0,0,0,0
Central,"United States",Illinois,"Orland Park",1,1,1,1,339.960000,5,67.992000,339.9600000000,20.0000000000,5.0000,5,5,0,0,0,0,0,0
Central,"United States",Illinois,Oswego,1,1,1,3,321.978000,13,-536.127600,321.9780000000,-166.5106311611,7.0000,7,7,0,0,0,0,0,1
Central,"United States",Illinois,Palatine,1,1,1,1,NULL,7,23.262400,NULL,NULL,1.0000,1,1,1,0,0,1,0,0
Central,"United States",Illinois,"Park Ridge",1,3,3,3,685.000000,17,-238.450000,228.3333333333,-34.8102189781,6.3333,5,7,0,0,0,0,0,1
Central,"United States",Illinois,Peoria,1,4,4,7,121.992000,20,-72.758700,3.9800000000,-165.0000000000,2.7500,1,4,3,1,0,3,0,4
Central,"United States",Illinois,Quincy,1,6,6,9,330.284000,40,47.147100,55.0473333333,22.3592853548,4.0000,3,7,0,0,2,0,2,1
Central,"United States",Illinois,Rockford,1,8,8,11,3152.388000,57,-1293.504600,425.2165714286,-87.3745268069,3.3750,2,4,1,1,1,1,1,4
Central,"United States",Illinois,Romeoville,1,1,1,1,NULL,2,NULL,NULL,NULL,4.0000,4,4,1,0,1,1,1,0
Central,"United States",Illinois,"Saint Charles",1,3,3,6,757.836000,20,221.444600,8.7360000000,NULL,3.6667,2,5,2,0,1,2,1,1
Central,"United States",Illinois,Skokie,1,5,5,11,568.832000,44,-53.882800,113.7664000000,-42.2882782833,3.4000,0,5,0,0,1,0,1,3
Central,"United States",Illinois,"Tinley Park",1,1,1,1,22.288000,7,-8.915200,22.2880000000,-40.0000000000,1.0000,1,1,0,0,0,0,0,1
Central,"United States",Illinois,Wheeling,1,2,2,3,615.606000,9,-308.509800,615.6060000000,-50.1148136958,5.5000,5,6,1,0,1,1,1,1
Central,"United States",Illinois,Woodstock,1,3,3,3,857.250000,15,-24.885900,285.7500000000,-2.9029921260,4.3333,4,5,0,0,0,0,0,2
Central,"United States",Indiana,Bloomington,1,4,4,7,603.800000,31,182.773300,150.9500000000,30.2705034780,4.7500,4,5,0,0,0,0,0,0
Central,"United States",Indiana,Columbus,1,16,16,34,7960.400000,588,2372.846500,497.5250000000,31.6447067093,4.4375,1,6,0,0,2,0,2,0
Central,"United States",Indiana,Elkhart,1,1,1,2,171.430000,7,16.672100,171.4300000000,9.7253106224,2.0000,2,2,0,0,0,0,0,0
Central,"United States",Indiana,Greenwood,1,2,2,4,1497.110000,19,469.703600,1424.9000000000,25.0000000000,1.0000,0,2,1,0,1,1,1,0
Central,"United States",Indiana,Indianapolis,1,12,12,23,6936.620000,91,2741.653800,419.4270000000,30.1681389133,3.9167,2,7,2,1,0,2,0,0
Central,"United States",Indiana,"La Porte",1,3,3,8,1021.340000,33,224.513000,340.4466666667,21.9821998551,3.0000,1,5,0,0,0,0,0,0
Central,"United States",Indiana,Lafayette,1,7,7,12,2130.500000,43,8976.097300,215.6183333333,16.5190189455,4.8571,4,7,1,0,0,1,0,0
Central,"United States",Indiana,Lawrence,1,6,6,11,1545.130000,52,532.743000,257.5216666667,34.4788464401,3.3333,0,6,0,0,0,0,0,0
Central,"United States",Indiana,Mishawaka,1,2,2,2,128.400000,11,96.592000,128.4000000000,50.0000000000,5.0000,4,6,1,0,0,1,0,0
Central,"United States",Indiana,"New Albany",1,1,1,4,209.550000,15,73.352900,209.5500000000,35.0049630160,4.0000,4,4,0,0,0,0,0,0
Central,"United States",Indiana,"New Castle",1,1,1,2,84.610000,9,23.083900,84.6100000000,27.2827088997,4.0000,4,4,0,0,0,0,0,0
Central,"United States",Indiana,Noblesville,1,2,2,4,3091.180000,15,-360.574200,1545.5900000000,-11.6646135133,5.5000,5,6,0,0,0,0,0,1
Central,"United States",Indiana,Portage,1,1,1,1,16.280000,2,6.512000,16.2800000000,40.0000000000,0.0000,0,0,0,0,0,0,0,0
Central,"United States",Indiana,Richmond,1,14,13,29,6235.150000,107,-1896.785000,445.3678571429,-30.4208399156,4.9286,2,6,0,0,0,0,0,1
Central,"United States",Indiana,"South Bend",1,1,1,6,1238.330000,25,279.551200,1238.3300000000,22.5748548448,5.0000,5,5,0,0,0,0,0,0
Central,"United States",Iowa,Burlington,1,2,2,3,57.430000,9,26.671400,28.7150000000,46.4415810552,4.5000,3,6,0,0,0,0,0,0
Central,"United States",Iowa,"Cedar Rapids",1,1,1,1,278.400000,3,NULL,278.4000000000,NULL,1.0000,1,1,0,0,1,0,1,0
Central,"United States",Iowa,"Des Moines",1,5,5,12,2008.840000,43,259.860900,401.7680000000,12.9358684614,3.8000,0,6,0,0,0,0,0,0
Central,"United States",Iowa,Dubuque,1,2,2,3,1687.300000,18,477.674400,843.6500000000,28.3099863688,4.0000,4,4,0,0,0,0,0,0
Central,"United States",Iowa,"Iowa City",1,1,1,1,9.990000,1,4.495500,9.9900000000,45.0000000000,5.0000,5,5,0,0,0,0,0,0
Central,"United States",Iowa,Marion,1,3,3,6,358.360000,22,109.846100,119.4533333333,45.2936252680,4.0000,2,6,0,0,1,0,1,0
Central,"United States",Iowa,Urbandale,1,2,2,3,121.880000,12,57.718000,45.9200000000,47.0000000000,6.0000,5,7,1,0,0,1,0,0
Central,"United States",Iowa,Waterloo,1,1,1,1,30.320000,4,11.824800,30.3200000000,39.0000000000,6.0000,6,6,0,0,0,0,0,0
Central,"United States",Kansas,"Garden City",1,3,3,5,312.380000,8,90.625900,104.1266666667,29.0114283885,2.3333,0,4,0,0,0,0,0,0
Central,"United States",Kansas,Manhattan,1,1,1,1,273.960000,2,10.958400,273.9600000000,4.0000000000,4.0000,4,4,0,0,0,0,0,0
Central,"United States",Kansas,Olathe,1,2,2,5,895.790000,15,207.410800,447.8950000000,23.1539534936,6.0000,5,7,0,0,0,0,0,0
Central,"United States",Kansas,"Overland Park",1,3,3,6,579.130000,17,178.976400,280.4450000000,26.7252500401,3.6667,3,4,1,1,2,1,2,0
Central,"United States",Kansas,Wichita,1,5,5,7,545.370000,26,323.926600,136.3425000000,34.2475016961,3.4000,2,4,1,0,0,1,0,0
Central,"United States",Michigan,"Ann Arbor",1,2,2,5,889.273000,23,228.915800,444.6365000000,25.7419037798,2.0000,1,3,0,0,0,0,0,0
Central,"United States",Michigan,Canton,1,2,2,3,818.130000,13,149.277600,409.0650000000,18.2461955924,2.5000,2,3,0,0,0,0,0,0
Central,"United States",Michigan,Dearborn,1,2,2,5,1603.310000,23,467.386400,801.6550000000,29.1513431588,5.5000,4,7,0,0,0,0,0,0
Central,"United States",Michigan,"Dearborn Heights",1,2,2,6,924.890000,19,140.890500,NULL,NULL,4.5000,2,7,2,0,0,2,0,0
Central,"United States",Michigan,Detroit,3,53,50,115,34209.852000,429,10817.354500,674.5804489796,27.2433291195,3.9057,0,7,4,3,6,4,6,1
Central,"United States",Michigan,"Grand Rapids",1,6,6,7,526.130000,31,233.922700,87.6883333333,44.4610077357,5.5000,4,6,0,0,0,0,0,0
Central,"United States",Michigan,Holland,1,2,2,3,27.940000,11,66.658800,7.5000000000,48.0000000000,5.0000,4,6,1,0,0,1,0,0
Central,"United States",Michigan,Jackson,1,14,14,38,15420.036000,132,5525.199200,1101.4311428571,35.8312989671,4.2857,2,6,0,0,0,0,0,0
Central,"United States",Michigan,Lansing,1,3,3,8,1610.286000,25,263.956200,536.7620000000,48.0000000000,1.3333,0,2,0,0,3,0,2,0
Central,"United States",Michigan,"Lincoln Park",1,2,2,3,220.310000,11,68.369100,220.3100000000,17.5336117289,4.5000,3,6,1,0,0,1,0,0
Central,"United States",Michigan,Midland,1,5,5,12,5278.672000,39,2293.682800,1024.1605000000,48.6712336592,4.2000,3,6,1,0,0,1,0,0
Central,"United States",Michigan,"Mount Pleasant",1,1,1,1,17.140000,2,6.170400,17.1400000000,36.0000000000,0.0000,0,0,0,0,0,0,0,0
Central,"United States",Michigan,"Oak Park",1,1,1,2,580.860000,163,151.023600,580.8600000000,26.0000000000,4.0000,4,4,0,0,0,0,0,0
Central,"United States",Michigan,"Rochester Hills",1,1,1,1,132.520000,4,54.333200,132.5200000000,41.0000000000,5.0000,5,5,0,0,0,0,0,0
Central,"United States",Michigan,Roseville,1,4,4,6,638.330000,21,268.914900,159.5825000000,42.1278805633,3.5000,0,6,0,0,0,0,0,0
Central,"United States",Michigan,"Royal Oak",1,2,2,2,12.960000,4,16.963200,12.9600000000,48.0000000000,4.0000,4,4,1,0,0,1,0,0
Central,"United States",Michigan,Saginaw,1,2,2,6,395.860000,24,77.180100,197.9300000000,19.4968170565,6.0000,6,6,0,0,0,0,0,0
Central,"United States",Michigan,"Sterling Heights",1,3,3,3,110.040000,11,33.067600,36.6800000000,30.0505270811,4.0000,2,5,0,0,0,0,0,0
Central,"United States",Michigan,Taylor,1,3,3,3,353.700000,7,44.868200,117.9000000000,12.6853830930,4.3333,3,5,0,0,0,0,0,0
Central,"United States",Michigan,Trenton,1,4,4,13,1765.195000,54,625.396800,441.2987500000,36.5485567740,3.5000,0,6,0,0,1,0,1,0
Central,"United States",Michigan,Westland,1,3,3,13,2057.976000,46,389.599500,685.9920000000,18.9311974484,5.0000,4,6,0,0,0,0,0,0
Central,"United States",Minnesota,"Apple Valley",1,2,2,2,137.940000,163,8.970600,68.9700000000,6.5032622880,6.0000,6,6,0,0,0,0,0,0
Central,"United States",Minnesota,"Coon Rapids",1,1,1,2,503.130000,7,136.453200,503.1300000000,27.1208633951,5.0000,5,5,0,0,0,0,0,0
Central,"United States",Minnesota,"Cottage Grove",1,1,1,2,144.360000,6,54.796800,144.3600000000,37.9584372402,4.0000,4,4,0,0,0,0,0,0
Central,"United States",Minnesota,Eagan,1,3,3,8,214.280000,22,-139.838200,71.4266666667,-65.2595669218,4.6667,2,6,0,0,0,0,0,1
Central,"United States",Minnesota,Lakeville,1,5,5,15,4260.950000,84,1307.632100,852.1900000000,31.8540755700,5.6000,2,7,0,0,1,0,1,0
Central,"United States",Minnesota,"Maple Grove",1,2,2,4,882.870000,13,385.010100,441.4350000000,43.6089231710,3.5000,3,4,0,0,0,0,0,0
Central,"United States",Minnesota,Minneapolis,1,13,13,23,16870.540000,78,6711.859600,1297.7338461538,41.3105933173,4.0000,2,7,0,1,2,0,2,0
Central,"United States",Minnesota,Moorhead,1,2,2,2,543.860000,9,101.410600,271.9300000000,18.6464531313,4.0000,4,4,0,0,0,0,0,0
Central,"United States",Minnesota,Rochester,1,8,8,17,1520.610000,45,502.889200,227.1416666667,23.7304472246,4.0000,0,7,2,1,1,2,1,0
Central,"United States",Minnesota,Roseville,1,2,2,6,2215.520000,20,667.527200,1107.7600000000,30.1295948581,4.0000,4,4,0,0,0,0,0,0
Central,"United States",Minnesota,"Saint Cloud",1,1,1,3,1331.820000,13,469.614000,1331.8200000000,35.2610713159,4.0000,4,4,0,0,0,0,0,0
Central,"United States",Minnesota,"Saint Paul",1,2,2,2,192.830000,11,24.884200,96.4150000000,12.9047347404,4.5000,4,5,0,0,0,0,0,0
Central,"United States",Minnesota,Woodbury,1,2,2,3,607.650000,11,196.096200,303.8250000000,32.2712416687,5.5000,5,6,0,0,0,0,0,0
Central,"United States",Missouri,Columbia,1,3,3,10,2990.040000,38,1106.771900,996.6800000000,37.0152874209,4.0000,4,4,0,0,0,0,0,0
Central,"United States",Missouri,Gladstone,1,1,1,2,164.340000,5,52.588800,164.3400000000,32.0000000000,1.0000,1,1,0,0,0,0,0,0
Central,"United States",Missouri,Independence,1,2,2,2,2417.370000,6,975.663000,1208.6850000000,40.3605157671,6.0000,5,7,0,0,0,0,0,0
Central,"United States",Missouri,"Jefferson City",1,1,1,1,86.620000,2,8.662000,86.6200000000,10.0000000000,4.0000,4,4,0,0,0,0,0,0
Central,"United States",Missouri,Kirkwood,1,1,1,2,241.340000,4,47.134400,241.3400000000,19.5302892185,1.0000,1,1,0,1,0,0,0,0
Central,"United States",Missouri,"Saint Charles",1,3,3,4,270.940000,13,94.843600,90.3133333333,35.0053886469,2.3333,0,4,0,0,0,0,0,0
Central,"United States",Missouri,"Saint Louis",1,4,4,5,260.040000,26,98.554100,86.6800000000,33.1150976773,4.2500,3,6,1,0,0,1,0,0
Central,"United States",Missouri,"Saint Peters",1,1,1,1,697.160000,4,146.403600,697.1600000000,21.0000000000,4.0000,4,4,0,0,0,0,0,0
Central,"United States",Missouri,Springfield,1,14,13,39,15043.835500,697,3638.335100,1074.5596785714,25.4343674885,4.2143,1,6,0,1,2,0,2,0
Central,"United States",Nebraska,Fremont,1,7,7,8,1039.050000,33,179.469600,173.1750000000,15.1177325442,2.7143,0,6,1,0,0,1,0,0
Central,"United States",Nebraska,"Grand Island",1,1,1,1,15.960000,2,7.980000,15.9600000000,50.0000000000,5.0000,5,5,0,0,0,0,0,0
Central,"United States",Nebraska,Norfolk,1,1,1,1,17.430000,3,8.017800,17.4300000000,46.0000000000,7.0000,7,7,0,0,0,0,0,0
Central,"United States",Nebraska,Omaha,1,14,14,28,5939.450000,98,1757.146800,302.9076923077,26.9402229671,3.2143,0,6,1,0,0,1,0,1
Central,"United States","North Dakota",Fargo,1,2,2,7,919.910000,30,230.149700,459.9550000000,25.0187192225,3.5000,2,5,0,0,0,0,0,0
Central,"United States",Oklahoma,"Broken Arrow",1,3,3,5,2439.530000,17,361.818200,813.1766666667,22.3677322436,4.6667,3,6,0,0,1,0,1,0
Central,"United States",Oklahoma,Edmond,1,1,1,2,959.550000,9,243.103900,959.5500000000,25.3351987911,4.0000,4,4,0,0,0,0,0,0
Central,"United States",Oklahoma,Lawton,1,2,2,4,1057.490000,13,235.508500,528.7450000000,22.2705179245,3.5000,0,7,0,0,0,0,0,0
Central,"United States",Oklahoma,Muskogee,1,2,2,4,1721.700000,14,442.596600,860.8500000000,25.7069524307,2.5000,0,5,0,0,0,0,0,0
Central,"United States",Oklahoma,Norman,1,2,2,2,1351.330000,9,269.528700,675.6650000000,19.9454389379,2.0000,0,4,0,0,0,0,0,0
Central,"United States",Oklahoma,"Oklahoma City",1,11,11,23,6558.660000,69,1417.810300,655.8660000000,22.5512911048,4.2727,0,7,1,1,2,1,2,0
Central,"United States",Oklahoma,Tulsa,1,13,13,26,5222.200000,107,1383.600800,384.0745454545,26.0953605656,4.3846,0,7,2,0,3,2,2,0
Central,"United States","South Dakota",Aberdeen,1,1,1,1,25.500000,3,6.630000,25.5000000000,26.0000000000,3.0000,3,3,0,0,0,0,0,0
Central,"United States","South Dakota","Rapid City",1,1,1,2,152.640000,4,44.768400,152.6400000000,29.3294025157,3.0000,3,3,0,0,0,0,0,0
Central,"United States","South Dakota","Sioux Falls",1,3,3,9,1137.420000,35,343.429900,379.1400000000,30.1937630778,5.0000,4,6,0,0,0,0,0,0
Central,"United States",Texas,Abilene,1,1,1,1,NULL,2,-3.758400,NULL,NULL,2.0000,2,2,1,0,0,1,0,1
Central,"United States",Texas,Allen,1,2,2,4,290.206000,13,-8.505300,145.1030000000,-45.8752973830,3.0000,1,5,0,0,1,0,1,1
Central,"United States",Texas,Amarillo,1,7,7,10,3773.062800,32,-2100.704000,539.0089714286,-56.6524746549,3.1429,0,6,0,0,1,0,1,3
Central,"United States",Texas,Arlington,1,10,10,28,5041.360000,131,-274.185000,205.2730000000,6.6642704383,4.0000,2,6,4,0,5,4,4,5
Central,"United States",Texas,Austin,1,18,18,39,6009.198000,131,175.120100,296.7170588235,8.5655685097,4.3889,0,6,1,0,4,1,4,9
Central,"United States",Texas,Baytown,1,1,1,1,10.368000,2,3.628800,10.3680000000,35.0000000000,5.0000,5,5,0,0,0,0,0,0
Central,"United States",Texas,Beaumont,1,3,3,5,472.116000,21,59.116400,157.3720000000,12.5215836786,2.6667,1,5,0,0,0,0,0,1
Central,"United States",Texas,Bedford,1,2,2,5,226.256000,25,7.750200,113.1280000000,32.5000000000,3.5000,2,5,0,0,1,0,1,0
Central,"United States",Texas,Brownsville,1,4,4,7,1292.226800,27,202.072000,323.0567000000,15.6375026427,3.0000,2,6,0,0,0,0,0,2
Central,"United States",Texas,Bryan,1,2,2,6,616.656000,27,-177.894000,308.3280000000,-52.3435601458,2.0000,0,4,0,0,1,0,1,1
Central,"United States",Texas,Carrollton,1,8,8,15,800.702000,50,-470.213900,114.3860000000,-65.2816903167,4.7500,2,6,1,0,0,1,0,3
Central,"United States",Texas,"Cedar Hill",1,2,2,2,122.376000,6,42.831600,61.1880000000,35.0000000000,4.5000,4,5,0,0,0,0,0,0
Central,"United States",Texas,"College Station",1,2,2,3,262.370000,11,-117.622400,233.0580000000,-22.8571428571,4.5000,2,7,1,1,0,1,0,2
Central,"United States",Texas,Conroe,1,1,1,1,111.672000,9,NULL,111.6720000000,NULL,3.0000,3,3,0,0,1,0,1,0
Central,"United States",Texas,Coppell,1,2,2,4,135.936000,17,41.489200,67.9680000000,30.5211275895,2.5000,1,4,0,0,0,0,0,0
Central,"United States",Texas,"Corpus Christi",1,3,3,8,220.544000,33,-43.730400,73.5146666667,-19.8284242600,3.3333,2,4,0,0,0,0,0,2
Central,"United States",Texas,Dallas,3,80,77,157,18564.285000,702,-2784.533600,254.7228212121,-16.3434403334,4.0250,0,7,15,3,7,14,7,35
Central,"United States",Texas,"Deer Park",1,1,1,1,6.924000,6,-10.386000,6.9240000000,-150.0000000000,2.0000,2,2,0,0,0,0,0,1
Central,"United States",Texas,Edinburg,1,2,2,3,88.276000,11,27.808600,44.1380000000,31.5018804658,3.0000,2,4,0,0,0,0,0,0
Central,"United States",Texas,"El Paso",1,10,10,19,3521.792000,65,-164.284300,206.1400000000,2.1623072869,3.4000,0,6,2,0,2,2,2,4
Central,"United States",Texas,"Fort Worth",1,12,12,27,4537.522800,102,298.732700,519.9058500000,6.2126488863,3.6667,0,6,5,0,0,4,0,8
Central,"United States",Texas,Frisco,1,2,2,2,30.336000,10,-18.801600,30.3360000000,-57.5000000000,3.5000,3,4,1,0,0,1,0,2
Central,"United States",Texas,Garland,1,3,3,4,37.320000,12,-32.373000,18.6600000000,-96.9212218650,2.6667,2,4,1,0,0,1,0,2
Central,"United States",Texas,"Grand Prairie",1,7,7,13,1012.486000,45,-85.231100,144.6408571429,-8.4180028168,5.0000,4,7,0,0,0,0,0,4
Central,"United States",Texas,Grapevine,1,1,1,2,41.528000,5,8.774900,41.5280000000,21.1300809093,4.0000,4,4,0,1,0,0,0,0
Central,"United States",Texas,"Haltom City",1,2,2,4,269.328000,13,51.955800,134.6640000000,19.2909018000,5.0000,3,7,0,0,0,0,0,0
Central,"United States",Texas,Harlingen,1,2,2,5,230.072000,21,27.648900,79.3440000000,NULL,4.5000,3,6,1,0,2,1,2,0
Central,"United States",Texas,Houston,4,188,172,377,58031.523400,2629,-9894.599900,293.9349302857,-16.6921011445,3.8298,0,7,14,7,31,13,30,78
Central,"United States",Texas,Huntsville,1,10,10,26,5901.956800,121,-516.127700,641.8356000000,-11.4585916076,4.3000,1,6,3,0,3,2,2,5
Central,"United States",Texas,Irving,1,5,5,8,605.500000,23,-96.725300,121.1000000000,-16.7567838383,5.0000,4,6,0,0,1,0,1,1
Central,"United States",Texas,Keller,1,1,1,1,6.000000,2,2.100000,6.0000000000,35.0000000000,4.0000,4,4,0,0,0,0,0,0
Central,"United States",Texas,"La Porte",1,1,1,2,30.392000,6,-32.527200,30.3920000000,-107.0255330350,2.0000,2,2,0,0,0,0,0,1
Central,"United States",Texas,Laredo,1,4,4,13,1011.356000,37,-308.929100,138.2420000000,-28.4198965100,3.0000,0,6,1,0,0,1,0,2
Central,"United States",Texas,"League City",1,2,2,6,875.368000,25,-16.711100,437.6840000000,-8.3403901595,3.0000,2,4,0,0,1,0,1,1
Central,"United States",Texas,Lubbock,1,4,4,6,592.564000,22,158.460700,148.1410000000,27.9273145766,3.5000,0,7,0,0,1,0,1,1
Central,"United States",Texas,Mansfield,1,2,2,2,558.877000,13,-66.791300,279.4385000000,-11.9509838480,2.5000,2,3,0,0,0,0,0,1
Central,"United States",Texas,Mcallen,1,4,4,19,866.716000,54,53.596200,216.6790000000,5.0213112822,4.5000,4,5,0,0,3,0,3,0
Central,"United States",Texas,Mesquite,1,3,3,5,40.596000,13,-87.620000,0.8760000000,-160.0000000000,3.0000,0,5,2,1,0,2,0,2
Central,"United States",Texas,"Missouri City",1,1,1,1,6.370000,7,-9.555000,6.3700000000,-150.0000000000,4.0000,4,4,0,0,0,0,0,1
Central,"United States",Texas,Odessa,1,4,3,5,962.362000,22,-69.711800,320.7873333333,-4.6697812258,4.7500,3,6,1,0,0,1,0,3
Central,"United States",Texas,Pasadena,1,9,9,17,2475.834000,59,-13.830600,309.4792500000,-0.6559474759,3.5556,1,6,1,0,3,1,3,3
Central,"United States",Texas,Pearland,1,2,2,3,494.996000,13,57.939300,247.4980000000,11.2500000000,3.0000,1,5,0,0,1,0,1,0
Central,"United States",Texas,Pharr,1,2,2,4,1540.708000,22,-237.552800,770.3540000000,-15.4184180260,5.5000,4,7,0,0,0,0,0,2
Central,"United States",Texas,Plano,1,8,8,15,3530.374600,44,-392.072800,441.2968250000,-7.6854369094,4.3750,3,6,0,1,2,0,2,2
Central,"United States",Texas,"Port Arthur",1,3,3,6,737.052800,12,105.776000,245.6842666667,14.3512106595,5.3333,5,6,0,0,0,0,0,0
Central,"United States",Texas,Richardson,1,1,1,2,1288.464000,12,-147.963000,1288.4640000000,NULL,2.0000,2,2,0,0,1,0,1,0
Central,"United States",Texas,"Round Rock",1,3,3,7,923.980800,574,-397.416900,223.9904000000,-97.3990849608,4.6667,4,5,1,1,1,1,1,2
Central,"United States",Texas,"San Angelo",1,2,2,4,638.988000,13,-58.553200,305.3120000000,-2.8571428571,4.0000,2,6,1,0,0,1,0,2
Central,"United States",Texas,"San Antonio",1,27,27,59,21633.136000,247,-7436.198800,832.0436923077,-35.2870011375,4.1852,0,7,1,0,4,1,4,12
Central,"United States",Texas,"San Marcos",1,1,1,4,108.444000,7,-13.400400,108.4440000000,NULL,2.0000,2,2,0,1,1,0,1,0
Central,"United States",Texas,"Texas City",1,2,2,3,790.972000,7,20.221800,395.4860000000,2.5565759597,5.5000,4,7,0,0,0,0,0,1
Central,"United States",Texas,"The Colony",1,2,2,3,142.160000,251,12.239200,71.0800000000,14.8519561208,0.5000,0,1,0,0,1,0,1,0
Central,"United States",Texas,Tyler,1,2,2,5,347.206000,16,-443.708600,173.6030000000,-127.7940473379,5.0000,5,5,0,0,0,0,0,2
Central,"United States",Texas,Waco,1,4,4,6,598.987200,17,-520.103400,118.3317333333,-26.4311742807,3.5000,0,6,1,0,0,1,0,3
Central,"United States",Wisconsin,Appleton,1,2,2,2,1671.310000,12,554.766300,835.6550000000,33.1935009065,3.5000,2,5,0,0,0,0,0,0
Central,"United States",Wisconsin,"Eau Claire",1,4,4,6,965.640000,21,427.497800,186.5933333333,38.9843152667,3.7500,3,4,1,0,0,1,0,0
Central,"United States",Wisconsin,Franklin,1,5,5,9,4774.250000,48,1292.775200,954.8500000000,27.0780792795,3.6000,1,5,0,0,0,0,0,0
Central,"United States",Wisconsin,"Green Bay",1,4,4,4,527.320000,14,228.476400,131.8300000000,43.3278464689,3.7500,2,5,0,0,0,0,0,0
Central,"United States",Wisconsin,Kenosha,1,3,3,9,3906.730000,37,1028.072800,1302.2433333333,26.3154300400,3.0000,1,4,0,0,0,0,0,0
Central,"United States",Wisconsin,"La Crosse",1,2,2,5,830.410000,22,272.076100,415.2050000000,32.7640683518,3.5000,2,5,0,0,0,0,0,0
Central,"United States",Wisconsin,Madison,1,4,4,10,5346.790000,37,1091.595400,1336.6975000000,19.9501420507,3.5000,0,7,0,0,1,0,1,0
Central,"United States",Wisconsin,Milwaukee,1,23,23,45,11410.220000,201,2773.839700,496.0965217391,24.2236542464,4.0000,0,6,0,0,1,0,1,0
Central,"United States",Wisconsin,Sheboygan,1,1,1,4,79.740000,10,22.749900,79.7400000000,NULL,6.0000,6,6,0,0,1,0,1,0
Central,"United States",Wisconsin,Superior,1,2,2,9,1299.730000,37,514.082200,649.8650000000,39.5529994691,5.0000,5,5,0,0,0,0,0,0
Central,"United States",Wisconsin,Waukesha,1,1,1,1,54.500000,5,14.170000,54.5000000000,26.0000000000,7.0000,7,7,0,0,0,0,0,0
Central,"United States",Wisconsin,Wausau,1,1,1,4,317.480000,14,90.430600,317.4800000000,28.4838729999,5.0000,5,5,0,0,0,0,0,0
Central,"United States",Wisconsin,"West Allis",1,1,1,2,250.480000,5,28.370800,250.4800000000,11.3265729799,5.0000,5,5,0,0,0,0,0,0
East,Canada,"New Brunswick",Moncton,1,7,1,8,225.696000,48,-76.582200,32.2422857143,-36.6015714613,4.0000,4,4,0,0,1,0,1,4
East,Canada,"Newfoundland and Labrador","St. John's",1,5,1,6,416.080000,45,186.676000,104.0200000000,36.3539703903,7.0000,5,11,1,0,0,1,0,0
East,Canada,"Nova Scotia",Halifax,1,6,1,6,382.144000,26,-52.742000,63.6906666667,-13.8016035840,3.3333,2,4,0,0,0,0,0,4
East,Canada,Ontario,Toronto,4,17,5,58,6482.430000,230,1844.161000,395.6400000000,31.6236543741,3.0000,2,5,1,2,3,1,3,0
East,Canada,"Prince Edward Island",Charlottetown,1,4,1,10,944.222000,38,329.353000,271.9790000000,30.2737527530,4.5000,4,5,2,0,0,2,0,2
East,Canada,Quebec,Montreal,3,26,10,34,3049.566000,94,-1440.096200,118.7836800000,-57.0837472359,4.3462,0,7,1,1,3,1,3,2
East,Canada,Quebec,"Quebec City",1,9,3,16,705.988000,47,-0.488200,85.7985000000,-6.7244387694,4.4444,2,7,1,1,1,1,1,2
East,"United States",Connecticut,Bristol,1,3,3,8,810.770000,17,208.156700,179.6750000000,29.8205927369,4.0000,2,5,1,0,0,1,0,0
East,"United States",Connecticut,Danbury,1,1,1,1,27.460000,2,9.885600,27.4600000000,36.0000000000,7.0000,7,7,0,0,0,0,0,0
East,"United States",Connecticut,Fairfield,1,12,12,19,4935.577000,80,1221.622600,411.2980833333,24.7513634171,3.2500,0,5,0,0,0,0,0,1
East,"United States",Connecticut,Manchester,1,4,4,11,2126.280000,42,600.505400,531.5700000000,28.2420659556,3.5000,0,6,0,0,0,0,0,0
East,"United States",Connecticut,Meriden,1,5,5,11,1550.680000,27,175.550200,310.1360000000,45.3921992199,3.4000,2,5,0,1,1,0,1,0
East,"United States",Connecticut,Middletown,1,7,6,9,1154.610000,28,157.615900,164.9442857143,13.6510076996,3.8571,0,7,0,0,0,0,0,0
East,"United States",Connecticut,Milford,1,3,3,6,961.740000,30,-767.586000,320.5800000000,-79.8122153597,2.3333,0,4,0,0,0,0,0,1
East,"United States",Connecticut,Norwich,1,4,4,4,43.900000,12,164.089600,14.6333333333,44.9544419134,5.0000,2,7,1,0,0,1,0,0
East,"United States",Connecticut,Shelton,1,1,1,2,73.330000,5,21.405300,73.3300000000,29.1903722896,2.0000,2,2,0,0,0,0,0,0
East,"United States",Connecticut,Waterbury,1,5,5,11,1326.060000,33,338.935500,265.2120000000,25.5595900638,4.4000,1,6,0,0,0,0,0,0
East,"United States",Delaware,Dover,1,6,6,9,449.120000,22,47.090000,74.8533333333,26.7324542748,4.1667,2,5,0,0,2,0,2,0
East,"United States",Delaware,Newark,1,29,28,60,9918.180000,763,6495.281100,367.3400000000,19.8084615921,4.6207,0,6,2,3,5,2,5,1
East,"United States",Delaware,Wilmington,1,9,9,27,5060.459000,120,1345.799900,475.2598333333,23.8468550380,3.5556,1,7,3,0,2,3,2,1
East,"United States","District of Columbia",Washington,1,4,4,10,1465.660000,37,1040.350900,55.8400000000,39.0000000000,5.5000,5,6,2,1,1,2,1,0
East,"United States",Maine,Bangor,1,2,2,5,1164.450000,29,422.220400,582.2250000000,36.2592125038,4.5000,4,5,0,0,0,0,0,0
East,"United States",Maine,Lewiston,1,1,1,3,106.080000,6,32.265800,106.0800000000,30.4164781297,6.0000,6,6,0,0,0,0,0,0
East,"United States",Maryland,Baltimore,1,21,21,43,5397.272000,175,1523.950200,270.9627368421,26.1204018695,4.2381,1,7,2,1,2,2,2,2
East,"United States",Maryland,Clinton,1,10,10,29,5514.251000,119,1266.269700,551.4251000000,25.8036573501,3.4000,0,5,0,0,1,0,1,1
East,"United States",Maryland,Columbia,1,9,9,23,10684.950000,90,3775.223700,1320.9837500000,34.0869494042,3.5556,0,6,1,0,0,1,0,0
East,"United States",Maryland,Gaithersburg,1,1,1,2,405.920000,5,105.541000,405.9200000000,26.0004434371,5.0000,5,5,0,0,0,0,0,0
East,"United States",Maryland,Hagerstown,1,1,1,1,43.800000,6,20.586000,43.8000000000,47.0000000000,4.0000,4,4,0,0,0,0,0,0
East,"United States",Maryland,Laurel,1,1,1,2,152.590000,3,46.173300,152.5900000000,30.2597155777,4.0000,4,4,0,1,0,0,0,0
East,"United States",Maryland,Rockville,1,3,3,5,469.770000,11,133.214700,156.5900000000,28.3574302318,4.3333,3,6,0,0,0,0,0,0
East,"United States",Massachusetts,Andover,1,1,1,4,384.050000,13,124.188600,NULL,NULL,3.0000,3,3,1,0,0,1,0,0
East,"United States",Massachusetts,Beverly,1,1,1,3,2583.190000,15,654.919400,2583.1900000000,25.3531253992,4.0000,4,4,0,0,0,0,0,0
East,"United States",Massachusetts,Cambridge,1,3,3,6,475.370000,414,173.727600,205.7450000000,33.3076380957,3.3333,3,4,1,0,0,1,0,0
East,"United States",Massachusetts,Everett,1,8,8,21,5574.278000,478,433.393800,796.3254285714,1.4441342051,3.3750,2,5,1,0,1,1,1,1
East,"United States",Massachusetts,Franklin,1,9,9,17,5473.819000,60,-1318.358000,518.2623750000,-41.6828589959,4.1111,0,7,1,0,0,1,0,3
East,"United States",Massachusetts,Holyoke,1,1,1,1,301.960000,2,NULL,301.9600000000,NULL,5.0000,5,5,0,0,1,0,1,0
East,"United States",Massachusetts,Lawrence,1,15,15,33,7244.952000,114,-759.766500,440.1601428571,-31.1731573825,3.9333,0,7,1,0,5,1,5,1
East,"United States",Massachusetts,Leominster,1,2,2,6,217.490000,20,69.277600,108.7450000000,35.3645757228,4.5000,4,5,0,0,1,0,1,0
East,"United States",Massachusetts,Lowell,1,7,7,16,4837.930000,60,1312.571700,691.1328571429,27.1308534849,2.8571,1,5,0,0,0,0,0,0
East,"United States",Massachusetts,Malden,1,2,2,3,228.380000,9,31.169200,114.1900000000,13.6479551624,6.0000,6,6,0,0,0,0,0,0
East,"United States",Massachusetts,Marlborough,1,1,1,2,206.640000,6,67.606800,206.6400000000,32.7171893148,5.0000,5,5,0,0,0,0,0,0
East,"United States",Massachusetts,"New Bedford",1,4,4,5,235.970000,22,50.486100,58.9925000000,21.3951349748,4.7500,4,7,0,0,0,0,0,0
East,"United States",Massachusetts,Quincy,1,5,5,11,946.175000,44,193.241700,189.2350000000,29.1590955388,3.8000,0,6,0,0,2,0,1,0
East,"United States",Massachusetts,Revere,1,3,3,7,833.260000,735,152.305400,277.7533333333,18.2782564866,5.3333,4,7,0,0,0,0,0,1
East,"United States","New Hampshire",Concord,1,10,10,15,2827.630000,64,776.625500,282.7630000000,29.9995463171,3.2000,1,6,0,0,1,0,1,0
East,"United States","New Hampshire",Dover,1,5,5,10,4365.774000,53,905.363100,294.7733333333,44.9101908811,3.8000,2,5,2,0,0,2,0,0
East,"United States","New Hampshire",Nashua,1,2,2,2,35.940000,10,13.512600,17.9700000000,37.5976627713,4.5000,2,7,0,0,0,0,0,0
East,"United States","New Jersey","Atlantic City",1,1,1,1,23.360000,2,11.680000,23.3600000000,50.0000000000,4.0000,4,4,0,0,0,0,0,0
East,"United States","New Jersey",Bayonne,1,1,1,3,183.400000,9,79.403000,183.4000000000,43.2949836423,3.0000,3,3,0,0,0,0,0,0
East,"United States","New Jersey",Belleville,1,4,4,10,1891.600000,32,283.649200,472.9000000000,14.9951998308,5.5000,4,7,0,0,0,0,0,0
East,"United States","New Jersey",Bridgeton,1,1,1,2,52.410000,6,3.441600,52.4100000000,6.5666857470,4.0000,4,4,0,0,0,0,0,0
East,"United States","New Jersey",Clifton,1,1,1,2,336.820000,9,98.588400,336.8200000000,29.2703521169,3.0000,3,3,0,0,0,0,0,0
East,"United States","New Jersey","East Orange",1,2,2,5,377.270000,20,174.619100,188.6350000000,46.2849153126,3.5000,3,4,0,0,0,0,0,0
East,"United States","New Jersey",Hackensack,1,2,2,6,1456.160000,28,451.254700,728.0800000000,30.9893624327,5.0000,4,6,0,0,0,0,0,0
East,"United States","New Jersey",Lakewood,1,11,11,24,14852.040000,86,1160.691700,1350.1854545455,20.0375014212,3.7273,1,6,0,1,1,0,1,0
East,"United States","New Jersey",Linden,1,1,1,1,115.360000,7,49.604800,115.3600000000,43.0000000000,5.0000,5,5,0,0,0,0,0,0
East,"United States","New Jersey",Morristown,1,5,5,7,5033.100000,31,1612.627100,1006.6200000000,35.4741173477,5.4000,4,6,0,0,1,0,1,0
East,"United States","New Jersey","New Brunswick",1,1,1,2,14.770000,3,7.156700,14.7700000000,48.4542992552,5.0000,5,5,0,0,0,0,0,0
East,"United States","New Jersey",Orange,1,5,5,6,211.110000,17,66.569800,42.2220000000,31.5332291223,3.0000,0,5,0,0,0,0,0,0
East,"United States","New Jersey",Passaic,1,1,1,6,1387.800000,24,356.818600,NULL,NULL,5.0000,5,5,1,0,0,1,0,0
East,"United States","New Jersey",Paterson,1,6,6,20,1657.690000,138,694.935000,458.7000000000,37.3758229780,4.3333,2,7,4,1,1,4,1,0
East,"United States","New Jersey","Perth Amboy",1,4,4,8,1717.080000,22,633.644000,429.2700000000,36.9024157290,4.0000,3,6,0,0,0,0,0,0
East,"United States","New Jersey",Plainfield,1,7,7,13,4206.930000,365,1235.665700,607.2550000000,28.8096241831,4.7143,2,6,1,0,0,1,0,0
East,"United States","New Jersey",Vineland,1,4,4,8,647.966000,24,62.251800,161.9915000000,9.6072633441,4.7500,2,7,0,0,0,0,0,1
East,"United States","New Jersey",Westfield,1,4,4,6,519.720000,16,153.175800,129.9300000000,29.4727545601,5.2500,4,7,0,0,0,0,0,0
East,"United States","New York",Auburn,1,6,6,17,1384.158000,63,156.334500,230.6930000000,10.0561635425,3.8333,2,6,0,0,2,0,2,1
East,"United States","New York",Buffalo,1,7,7,10,6910.720000,46,-169.464800,483.8133333333,-4.1120128975,4.0000,2,7,1,0,1,1,1,1
East,"United States","New York",Freeport,1,4,4,6,475.510000,17,107.361800,154.1533333333,18.8152056394,3.0000,0,6,1,0,0,1,0,0
East,"United States","New York",Hempstead,1,4,4,11,2526.146000,48,560.731400,839.5300000000,28.9788453063,4.7500,2,6,2,1,1,2,1,0
East,"United States","New York",Jamestown,1,2,2,2,4708.790000,9,1285.771500,2354.3950000000,27.3057728206,4.5000,4,5,0,0,0,0,0,0
East,"United States","New York",Lindenhurst,1,1,1,1,55.480000,1,26.630400,55.4800000000,48.0000000000,4.0000,4,4,0,0,0,0,0,0
East,"United States","New York","Long Beach",1,22,22,34,8478.350000,140,1362.535000,366.4186000000,22.4328868676,4.0909,0,6,2,1,0,2,0,2
East,"United States","New York","Mount Vernon",1,5,5,8,2119.632000,33,662.514600,423.9264000000,31.2561142689,4.6000,4,6,0,0,0,0,0,0
East,"United States","New York","New Rochelle",1,5,5,9,623.446000,27,368.411000,140.6815000000,35.8798775958,5.0000,1,7,1,0,0,1,0,0
East,"United States","New York","New York City",4,450,355,915,235605.362000,6195,36280.336200,522.0045866337,12.8566960670,4.0267,0,7,51,17,48,46,44,26
East,"United States","New York","Niagara Falls",1,2,2,3,199.842000,12,59.238300,99.9210000000,29.6425676284,4.5000,3,6,0,0,0,0,0,0
East,"United States","New York",Oceanside,1,8,8,22,3851.126000,82,324.575800,481.3907500000,9.0012292049,4.1250,2,7,0,0,1,0,1,0
East,"United States","New York",Rochester,1,20,20,36,6017.130000,120,1213.636400,300.8565000000,19.1219702963,4.5000,0,7,0,0,1,0,1,2
East,"United States","New York",Rome,1,3,3,6,534.852000,22,136.331200,178.2840000000,30.7073000428,5.6667,4,7,0,0,1,0,1,0
East,"United States","New York",Troy,1,6,6,15,1326.556000,55,330.435500,221.0926666667,24.9092763517,3.5000,1,6,0,1,0,0,0,0
East,"United States","New York",Utica,1,4,4,8,655.040000,33,188.559600,163.7600000000,28.7859672692,2.0000,0,4,0,0,0,0,0,0
East,"United States","New York",Watertown,1,7,7,10,4044.998000,35,907.007200,577.8568571429,22.4229332128,4.7143,2,7,0,0,0,0,0,0
East,"United States","New York",Yonkers,1,6,6,15,7657.666000,57,2767.755700,1276.2776666667,36.1435938836,4.6667,3,7,0,0,0,0,0,0
East,"United States",Ohio,Akron,1,10,10,21,2729.986000,65,-186.635600,272.9986000000,-6.8365039235,3.9000,2,6,0,0,0,0,0,6
East,"United States",Ohio,"Bowling Green",1,4,4,8,1865.565000,260,149.944900,466.3912500000,8.0375060638,4.2500,2,5,0,1,0,0,0,1
East,"United States",Ohio,Cincinnati,1,12,12,17,1611.976000,58,170.235900,134.3313333333,11.5716823125,3.0833,0,7,0,0,1,0,1,2
East,"United States",Ohio,Cleveland,1,21,21,42,5581.765000,136,-771.880300,275.6502631579,-11.8279879765,3.4286,0,6,3,1,4,2,4,10
East,"United States",Ohio,Columbus,1,55,52,120,15557.924000,1645,-672.924100,291.4656923077,-2.1662549733,3.6545,0,7,3,1,9,3,9,20
East,"United States",Ohio,"Cuyahoga Falls",1,3,3,3,26.880000,10,-13.828000,13.4400000000,-66.6666666667,4.0000,2,6,1,1,1,1,1,2
East,"United States",Ohio,Dublin,1,5,5,13,2211.688000,209,-353.098500,726.7153333333,-26.0027298640,3.6000,2,6,2,0,1,2,1,3
East,"United States",Ohio,Elyria,1,1,1,1,1.824000,1,-1.398400,1.8240000000,-76.6666666667,4.0000,4,4,0,0,0,0,0,1
East,"United States",Ohio,Fairfield,1,10,10,17,3077.697000,75,-129.288100,307.7697000000,-4.2008066421,3.6000,0,6,0,0,0,0,0,5
East,"United States",Ohio,"Grove City",1,1,1,2,123.588000,12,13.195200,123.5880000000,10.6767647344,3.0000,3,3,0,0,0,0,0,0
East,"United States",Ohio,Hamilton,1,3,3,4,196.896000,13,-9.385000,190.8480000000,-11.2500000000,5.3333,4,7,2,0,0,2,0,1
East,"United States",Ohio,Kent,1,3,3,5,346.302000,15,-11.300700,115.4340000000,-3.2632499957,3.6667,2,6,0,1,0,0,0,1
East,"United States",Ohio,Lakewood,1,13,13,17,1159.420000,76,-368.372700,128.8244444444,-26.3226774348,4.0000,2,7,4,0,2,4,2,6
East,"United States",Ohio,Lancaster,1,15,15,31,8148.433000,593,-7150.090800,620.7787500000,-97.0226617240,3.6667,2,7,3,1,1,3,1,8
East,"United States",Ohio,Lorain,1,5,5,9,2015.111000,28,-618.591600,403.0222000000,-43.1253744265,3.0000,0,5,0,1,1,0,1,1
East,"United States",Ohio,Marion,1,8,8,14,2522.422000,41,-561.228800,335.6450000000,20.0742805635,3.6250,0,7,2,0,3,2,3,2
East,"United States",Ohio,Mason,1,1,1,3,91.132000,5,-4.235200,NULL,NULL,2.0000,2,2,1,1,0,1,0,1
East,"United States",Ohio,Medina,1,3,3,9,2477.722000,38,-1343.044600,825.9073333333,-54.2048139380,5.0000,4,7,0,0,0,0,0,3
East,"United States",Ohio,Mentor,1,1,1,6,693.130000,15,-123.274200,693.1300000000,-17.7851485291,0.0000,0,0,0,0,0,0,0,1
East,"United States",Ohio,Newark,1,16,16,35,8128.069000,135,-2361.414500,508.0043125000,-7.9239247277,3.1250,0,6,0,1,1,0,1,6
East,"United States",Ohio,Parma,1,4,4,10,3874.508000,40,31.061800,1281.1346666667,0.5095743253,3.7500,2,7,1,0,0,1,0,1
East,"United States",Ohio,Springfield,1,19,19,36,5613.167000,211,-1419.090400,295.4298421053,-26.5963660166,4.0526,0,7,0,1,2,0,2,10
East,"United States",Ohio,Toledo,1,15,15,32,4459.795000,122,-339.996800,316.9445000000,-7.5992484489,3.4667,0,6,1,0,0,1,0,8
East,"United States",Ohio,Troy,1,8,8,14,3180.535000,55,-877.803400,397.5668750000,-25.4669193417,3.6250,1,6,0,0,1,0,1,6
East,"United States",Pennsylvania,Allentown,1,2,2,7,853.252000,20,-226.450400,426.6260000000,-26.5396858138,4.5000,4,5,0,0,0,0,0,1
East,"United States",Pennsylvania,Altoona,1,1,1,2,20.451000,9,2.204400,20.4510000000,NULL,1.0000,1,1,0,0,1,0,1,0
East,"United States",Pennsylvania,Bethlehem,1,2,2,5,1689.634000,18,-1003.806800,844.8170000000,-9.4424552430,1.5000,1,2,0,0,1,0,1,1
East,"United States",Pennsylvania,Chester,1,4,4,16,1968.479000,55,40.372000,492.1197500000,4.7102411096,3.7500,3,5,0,0,1,0,1,1
East,"United States",Pennsylvania,Lancaster,1,8,7,10,1211.395000,35,-168.887600,151.4243750000,-13.9415797490,4.0000,2,6,0,0,0,0,0,5
East,"United States",Pennsylvania,Philadelphia,4,265,239,537,104975.016600,4559,-13019.678200,379.1654008475,-10.4904010180,3.8943,0,7,29,12,26,29,24,127
East,"United States",Pennsylvania,Reading,1,4,4,5,873.712000,332,-238.372200,218.4280000000,-41.8349502977,3.5000,2,6,0,0,1,0,1,1
East,"United States",Pennsylvania,York,1,2,2,5,817.978000,19,-102.169200,408.9890000000,-12.4904581786,4.5000,4,5,0,0,0,0,0,2
East,"United States","Rhode Island",Cranston,1,5,5,16,4022.696000,52,637.497700,713.7340000000,24.2253731782,2.4000,1,4,1,0,0,1,0,1
East,"United States","Rhode Island",Providence,1,13,13,31,15908.230000,118,5408.397900,1099.9066666667,35.5581957654,4.0769,2,7,1,0,1,1,1,1
East,"United States","Rhode Island",Warwick,1,4,4,5,2314.880000,12,711.263200,771.6266666667,31.8197277592,2.7500,2,5,1,1,1,1,1,1
East,"United States","Rhode Island",Woonsocket,1,3,3,4,195.550000,15,78.679100,65.1833333333,40.2347737152,3.0000,2,4,0,0,0,0,0,0
East,"United States",Vermont,Burlington,1,6,5,11,8929.370000,208,2066.178300,1488.2283333333,25.1538292974,3.8333,2,5,0,0,1,0,1,0
East,"United States","West Virginia",Wheeling,1,2,2,4,1209.824000,18,185.921600,604.9120000000,15.3676567831,2.0000,0,4,0,0,0,0,0,1
South,"United States",Alabama,Auburn,1,3,3,6,1766.830000,16,452.607100,588.9433333333,25.6169014563,4.0000,3,5,0,0,0,0,0,0
South,"United States",Alabama,Decatur,1,7,7,13,3338.940000,49,683.948900,434.7260000000,28.5499994779,5.4286,3,7,2,1,1,2,1,0
South,"United States",Alabama,Florence,1,3,3,5,1992.370000,24,248.658900,996.1850000000,12.3580810793,3.3333,2,4,1,0,0,1,0,0
South,"United States",Alabama,Hoover,1,2,2,4,525.850000,15,14.540400,262.9250000000,2.2065100751,3.5000,2,5,0,0,1,0,1,0
South,"United States",Alabama,Huntsville,1,7,7,10,2484.370000,40,959.138800,354.9100000000,37.9830159331,3.8571,0,6,0,0,1,0,1,0
South,"United States",Alabama,Mobile,1,4,4,11,5437.070000,50,-3422.736200,1721.3866666667,-68.2460884248,3.5000,3,4,1,1,1,1,1,1
South,"United States",Alabama,Montgomery,1,6,6,10,1969.200000,48,709.532100,262.2225000000,16.7956697080,4.1667,2,6,2,0,0,2,0,0
South,"United States",Alabama,Tuscaloosa,1,2,2,2,175.700000,9,51.010400,87.8500000000,29.0326693227,5.5000,4,7,0,0,0,0,0,0
South,"United States",Arkansas,Conway,1,1,1,1,301.960000,2,45.294000,301.9600000000,15.0000000000,7.0000,7,7,0,0,0,0,0,0
South,"United States",Arkansas,Fayetteville,1,8,8,14,3723.370000,51,1676.563900,531.9100000000,45.0174906390,4.0000,1,6,1,0,1,1,1,0
South,"United States",Arkansas,"Hot Springs",1,2,2,4,245.830000,15,62.083800,122.9150000000,25.2547695562,6.0000,5,7,0,0,0,0,0,0
South,"United States",Arkansas,Jonesboro,1,5,5,11,2915.320000,53,628.629900,583.0640000000,27.6138765649,4.2000,0,7,0,0,1,0,1,0
South,"United States",Arkansas,"Little Rock",1,6,6,24,3487.450000,80,1154.669100,576.2960000000,30.3268945125,4.1667,1,7,2,2,0,1,0,0
South,"United States",Arkansas,"Pine Bluff",1,1,1,2,212.910000,7,70.204800,212.9100000000,32.9739326476,2.0000,2,2,0,0,0,0,0,0
South,"United States",Arkansas,Rogers,1,1,1,1,40.410000,9,18.588600,40.4100000000,46.0000000000,5.0000,5,5,0,0,0,0,0,0
South,"United States",Arkansas,Springdale,1,1,1,1,4.300000,2,1.419000,4.3000000000,33.0000000000,4.0000,4,4,0,0,0,0,0,0
South,"United States",Arkansas,Texarkana,1,2,2,2,654.240000,11,-99.218400,327.1200000000,-15.1654438738,4.0000,4,4,0,0,0,0,0,1
South,"United States",Florida,Apopka,1,3,3,7,904.554000,31,3.997600,301.5180000000,4.8938249030,2.6667,0,4,0,0,1,0,1,1
South,"United States",Florida,"Boca Raton",1,2,2,3,63.008000,8,-22.645600,31.5040000000,-35.9408329101,2.5000,2,3,0,0,0,0,0,1
South,"United States",Florida,"Boynton Beach",1,4,4,10,469.585000,265,50.661500,117.3962500000,10.7885686297,3.5000,0,5,0,0,0,0,0,0
South,"United States",Florida,"Coral Gables",1,1,1,2,64.248000,6,22.357800,64.2480000000,34.7992155398,4.0000,4,4,0,0,0,0,0,0
South,"United States",Florida,"Coral Springs",1,4,4,8,510.640000,179,31.721200,168.6773333333,6.2721755369,2.7500,0,6,1,0,2,1,2,0
South,"United States",Florida,"Daytona Beach",1,2,2,4,272.331500,10,24.272200,136.1657500000,30.4964702271,5.0000,4,6,0,0,1,0,1,0
South,"United States",Florida,"Delray Beach",1,2,2,3,242.536000,11,25.832800,121.2680000000,11.1049590756,3.0000,3,3,0,0,1,0,1,0
South,"United States",Florida,Deltona,1,4,4,5,893.240000,19,122.134400,223.3100000000,13.6731897362,5.2500,4,6,0,0,0,0,0,0
South,"United States",Florida,"Fort Lauderdale",1,12,12,15,4451.325500,63,215.944700,433.4565500000,10.2719789082,4.8333,2,7,2,1,2,2,2,5
South,"United States",Florida,Hialeah,1,10,10,18,2248.028000,76,-187.682700,268.5228571429,-10.8779707654,3.8000,1,6,3,0,2,3,2,3
South,"United States",Florida,Hollywood,1,8,8,11,1070.474000,44,108.201200,133.8092500000,10.1077840284,4.6250,2,7,0,0,0,0,0,1
South,"United States",Florida,Homestead,1,2,2,3,132.552000,5,22.329100,66.2760000000,16.8455398636,2.5000,0,5,0,0,0,0,0,0
South,"United States",Florida,Jacksonville,1,38,38,75,37991.280000,643,-2504.672000,1103.1317647059,3.3462367291,3.8158,0,6,4,0,6,4,6,12
South,"United States",Florida,Jupiter,1,1,1,1,2.064000,1,0.154800,2.0640000000,7.5000000000,5.0000,5,5,0,0,0,0,0,0
South,"United States",Florida,Kissimmee,1,1,1,1,751.984000,2,84.598200,751.9840000000,11.2500000000,4.0000,4,4,0,0,0,0,0,0
South,"United States",Florida,Lakeland,1,6,6,22,5606.886500,72,-257.716300,934.4810833333,-5.3894657807,2.3333,0,5,0,1,1,0,1,3
South,"United States",Florida,Margate,1,1,1,1,15.552000,3,2.332800,15.5520000000,15.0000000000,5.0000,5,5,0,0,0,0,0,0
South,"United States",Florida,Melbourne,1,1,1,1,95.616000,2,9.561600,95.6160000000,10.0000000000,4.0000,4,4,0,0,0,0,0,0
South,"United States",Florida,Miami,3,34,34,57,7243.874000,210,-1783.151900,199.4862000000,-35.3953029976,3.7353,0,7,4,1,3,4,3,13
South,"United States",Florida,Miramar,1,3,3,8,1531.192000,41,-1123.055000,510.3973333333,-73.3451454814,4.6667,4,5,0,0,0,0,0,2
South,"United States",Florida,"North Miami",1,2,2,2,22.128000,6,3.079800,11.0640000000,13.9181127983,3.5000,2,5,0,0,0,0,0,1
South,"United States",Florida,Orlando,1,6,6,11,1495.312000,39,61.262000,233.2048000000,15.5107109593,4.6667,4,6,1,0,2,1,2,1
South,"United States",Florida,"Ormond Beach",1,1,1,1,2.808000,3,-1.965600,2.8080000000,-70.0000000000,6.0000,6,6,0,0,0,0,0,1
South,"United States",Florida,"Palm Coast",1,3,3,5,264.618000,20,17.655200,15.9410000000,9.9209585346,4.0000,3,5,1,0,0,1,0,1
South,"United States",Florida,"Pembroke Pines",1,4,4,14,1508.383500,47,-72.449100,200.8925000000,-19.9945078421,5.2500,4,7,1,0,0,1,0,2
South,"United States",Florida,Pensacola,1,1,1,1,2.214000,3,-1.476000,2.2140000000,-66.6666666667,2.0000,2,2,0,0,0,0,0,1
South,"United States",Florida,Plantation,1,3,3,11,1436.836000,45,12.039100,478.9453333333,0.8378896408,4.0000,0,7,0,0,0,0,0,1
South,"United States",Florida,"Pompano Beach",1,2,2,3,26.056000,12,15.006500,26.0560000000,26.7059410500,5.5000,5,6,1,0,0,1,0,0
South,"United States",Florida,"Port Orange",1,1,1,1,7.824000,1,2.934000,7.8240000000,37.5000000000,2.0000,2,2,0,0,0,0,0,0
South,"United States",Florida,"Port Saint Lucie",1,3,3,3,248.950000,11,4.449000,82.9833333333,1.7871058445,3.3333,3,4,0,0,0,0,0,1
South,"United States",Florida,"Saint Petersburg",1,6,6,14,1690.792000,53,151.982300,281.7986666667,8.9888229895,5.5000,2,7,0,0,0,0,0,0
South,"United States",Florida,Sanford,1,1,1,2,4.842000,9,-11.827200,NULL,NULL,4.0000,4,4,1,0,0,1,0,1
South,"United States",Florida,Tallahassee,1,9,9,17,7089.293000,89,392.711600,332.5406250000,1.2842641407,4.5556,3,6,1,0,0,1,0,4
South,"United States",Florida,Tamarac,1,2,2,4,1413.510000,15,-376.212100,706.7550000000,-73.3333333333,2.0000,2,2,0,0,1,0,1,1
South,"United States",Florida,Tampa,1,14,14,36,4938.008500,342,-355.244200,266.1715384615,-0.9937310328,3.8571,0,6,1,0,3,1,3,6
South,"United States",Florida,"West Palm Beach",1,3,3,3,141.328000,11,31.609200,47.1093333333,22.3658439941,4.3333,4,5,0,0,0,0,0,0
South,"United States",Georgia,Athens,1,5,5,8,1720.810000,30,464.976400,344.1620000000,26.9302239344,3.0000,0,6,0,0,2,0,2,0
South,"United States",Georgia,Atlanta,1,17,17,39,17151.100000,156,6993.662900,674.0668750000,35.2486789608,4.0000,0,7,1,0,0,1,0,0
South,"United States",Georgia,Columbus,1,40,37,68,13840.910000,246,4087.013900,353.1283783784,26.2730421139,4.2000,2,7,3,3,1,3,1,0
South,"United States",Georgia,"East Point",1,1,1,3,268.400000,7,102.013800,268.4000000000,38.0081222057,6.0000,6,6,0,0,0,0,0,0
South,"United States",Georgia,Macon,1,4,4,6,221.610000,19,144.853500,71.4833333333,41.3750058289,2.7500,1,5,1,1,0,1,0,0
South,"United States",Georgia,Marietta,1,3,3,7,1675.320000,30,512.145600,132.4650000000,30.5527120371,2.3333,0,4,1,1,0,1,0,0
South,"United States",Georgia,Roswell,1,9,9,18,6652.320000,64,2405.529500,739.1466666667,36.6887215071,4.3333,2,7,0,0,2,0,1,0
South,"United States",Georgia,"Sandy Springs",1,4,4,14,1638.110000,284,520.589100,490.7266666667,24.0710103384,3.5000,1,7,2,0,0,1,0,0
South,"United States",Georgia,Smyrna,1,5,5,17,2371.470000,60,765.106900,78.7000000000,39.2626169939,4.2000,0,6,1,0,1,1,1,0
South,"United States",Georgia,"Warner Robins",1,2,2,2,434.800000,10,53.688400,217.4000000000,12.3478380865,5.0000,5,5,0,0,0,0,0,0
South,"United States",Georgia,Woodstock,1,1,1,2,286.650000,16,104.878800,286.6500000000,36.5877551020,1.0000,1,1,0,0,0,0,0,0
South,"United States",Kentucky,"Bowling Green",1,2,2,2,211.810000,5,67.116800,105.9050000000,31.6872668901,4.0000,3,5,0,0,0,0,0,0
South,"United States",Kentucky,Florence,1,4,4,10,4559.800000,38,1820.196700,1139.9500000000,42.6053895963,4.0000,2,5,0,0,1,0,1,0
South,"United States",Kentucky,Georgetown,1,3,3,8,1786.420000,35,206.765600,595.4733333333,27.2292173358,2.6667,2,4,0,0,1,0,1,0
South,"United States",Kentucky,Henderson,1,17,17,48,15035.740000,185,4174.544900,692.1573333333,24.4940802462,3.7059,0,7,3,0,1,2,1,0
South,"United States",Kentucky,Louisville,1,17,16,33,7003.360000,129,1974.696000,363.1620000000,27.0616237084,4.0588,0,7,2,1,1,2,1,0
South,"United States",Kentucky,Murray,1,2,2,2,264.620000,8,94.465800,132.3100000000,35.6986622326,3.0000,1,5,0,0,0,0,0,0
South,"United States",Kentucky,Owensboro,1,2,2,2,71.180000,5,27.642800,35.5900000000,38.8350660298,3.5000,2,5,0,0,0,0,0,0
South,"United States",Kentucky,Richmond,1,14,14,34,6756.060000,113,2265.656300,453.5400000000,33.1158408554,4.2857,2,7,1,1,1,1,1,0
South,"United States",Louisiana,"Bossier City",1,2,2,6,1417.180000,24,336.960800,708.5900000000,23.7768526228,3.0000,2,4,0,0,0,0,0,0
South,"United States",Louisiana,Kenner,1,1,1,2,89.320000,4,19.797600,89.3200000000,22.1648007165,0.0000,0,0,0,0,0,0,0,0
South,"United States",Louisiana,Lafayette,1,10,10,19,5405.750000,55,802.305300,540.5750000000,15.8059302350,3.0000,1,6,0,1,1,0,1,0
South,"United States",Louisiana,"Lake Charles",1,2,2,3,547.410000,16,241.255800,273.7050000000,44.0722310517,2.0000,2,2,0,0,0,0,0,0
South,"United States",Louisiana,Monroe,1,6,6,12,1757.370000,51,555.797800,292.8950000000,31.6266807787,4.0000,1,5,0,0,0,0,0,0
South,"United States",Mississippi,Gulfport,1,3,3,3,135.140000,20,77.576100,67.5700000000,45.8014651473,4.6667,2,7,1,0,0,1,0,0
South,"United States",Mississippi,Hattiesburg,1,3,3,9,1722.840000,33,582.069400,574.2800000000,33.7854588935,5.6667,5,6,0,1,0,0,0,0
South,"United States",Mississippi,Jackson,1,18,17,34,7426.610000,138,1614.891700,412.5894444444,21.7446681595,4.3333,2,7,0,0,0,0,0,1
South,"United States",Mississippi,Southaven,1,2,2,7,1569.630000,25,412.890200,784.8150000000,26.3049381064,2.0000,0,4,0,0,0,0,0,0
South,"United States","North Carolina",Asheville,1,6,6,7,1475.376000,28,77.507400,245.8960000000,5.2533998113,3.6667,0,6,0,0,0,0,0,2
South,"United States","North Carolina",Burlington,1,7,7,11,12681.282000,46,-5894.526900,1811.6117142857,-46.4821056735,3.0000,0,7,0,0,0,0,0,4
South,"United States","North Carolina",Cary,1,3,3,6,505.208000,19,35.269100,168.4026666667,9.3859980050,4.6667,4,5,0,0,1,0,1,0
South,"United States","North Carolina","Chapel Hill",1,1,1,1,14.016000,3,4.730400,14.0160000000,33.7500000000,4.0000,4,4,0,0,0,0,0,0
South,"United States","North Carolina",Charlotte,1,24,24,52,10061.632000,635,-4486.116100,434.9028571429,-52.0176768277,4.1250,0,7,3,1,3,3,3,4
South,"United States","North Carolina",Concord,1,5,5,8,5111.844000,44,-1794.130000,1022.3688000000,-35.2046154341,4.4000,3,6,0,0,1,0,1,1
South,"United States","North Carolina",Durham,1,5,5,9,879.960000,191,116.869900,175.9920000000,13.2812741488,4.2000,2,6,0,0,0,0,0,0
South,"United States","North Carolina",Fayetteville,1,12,12,27,3183.116000,117,126.727300,265.2596666667,3.9812341115,3.8333,0,7,0,0,0,0,0,5
South,"United States","North Carolina",Gastonia,1,1,1,4,895.060000,16,130.607200,895.0600000000,NULL,6.0000,6,6,0,0,1,0,1,0
South,"United States","North Carolina",Goldsboro,1,1,1,1,34.944000,3,3.057600,34.9440000000,8.7500000000,3.0000,3,3,0,0,0,0,0,0
South,"United States","North Carolina",Greensboro,1,8,8,13,2355.315000,603,-7041.749900,335.3815714286,-298.0159059766,4.3750,1,7,1,0,0,1,0,5
South,"United States","North Carolina",Greenville,1,5,5,9,817.840000,27,-546.504400,204.4600000000,-4.8773739412,5.0000,4,7,1,0,1,1,1,3
South,"United States","North Carolina",Hickory,1,2,2,2,40.764000,5,-1.095600,20.3820000000,-2.6876655873,3.0000,0,6,0,0,0,0,0,1
South,"United States","North Carolina",Jacksonville,1,23,23,50,5551.311000,813,-2105.347400,247.9134761905,-42.4655956891,3.6522,1,7,2,0,2,2,2,8
South,"United States","North Carolina",Monroe,1,6,6,9,1141.080000,336,140.826400,221.8192000000,10.2455513319,3.5000,0,6,1,1,0,1,0,0
South,"United States","North Carolina",Raleigh,1,13,13,22,3127.124000,64,449.569200,368.4530000000,9.8868205866,3.9231,0,7,5,3,1,5,1,1
South,"United States","North Carolina",Thomasville,1,2,2,3,151.292000,12,33.393900,75.6460000000,22.0724823520,4.5000,4,5,0,0,0,0,0,0
South,"United States","North Carolina",Wilmington,1,9,9,9,730.042000,274,172.629600,91.2552500000,23.4443497771,2.7778,0,4,1,0,0,1,0,1
South,"United States","North Carolina",Wilson,1,3,3,6,368.732000,17,-14.336000,122.9106666667,-3.8879185967,4.3333,4,5,0,1,0,0,0,2
South,"United States","South Carolina",Columbia,1,11,11,30,6108.040000,119,1388.377700,596.8980000000,22.0583667561,3.4545,0,5,1,0,0,1,0,0
South,"United States","South Carolina",Florence,1,4,4,6,1064.570000,29,82.953100,266.1425000000,7.7921696084,3.7500,2,6,0,0,0,0,0,0
South,"United States","South Carolina","Mount Pleasant",1,1,1,1,545.940000,6,87.350400,545.9400000000,16.0000000000,3.0000,3,3,0,0,0,0,0,0
South,"United States","South Carolina","North Charleston",1,2,2,2,284.250000,5,9.670200,142.1250000000,3.4020052770,4.0000,3,5,0,0,0,0,0,0
South,"United States","South Carolina","Rock Hill",1,1,1,1,11.850000,3,3.792000,11.8500000000,32.0000000000,0.0000,0,0,0,0,0,0,0,0
South,"United States","South Carolina",Summerville,1,1,1,2,406.940000,10,196.913200,406.9400000000,48.3887550990,2.0000,2,2,0,0,0,0,0,0
South,"United States",Tennessee,Bartlett,1,1,1,1,88.960000,8,10.008000,88.9600000000,11.2500000000,6.0000,6,6,0,0,0,0,0,0
South,"United States",Tennessee,Bristol,1,4,4,5,436.602000,14,-126.520400,109.1505000000,-28.9784288666,4.0000,2,5,0,0,0,0,0,2
South,"United States",Tennessee,Chattanooga,1,6,6,10,882.355000,38,27.191800,62.1297500000,-9.0964071158,4.0000,3,5,2,0,0,2,0,4
South,"United States",Tennessee,Clarksville,1,3,3,7,2148.514000,27,-1071.403200,1074.2570000000,-50.3906793253,3.6667,3,4,1,0,0,1,0,2
South,"United States",Tennessee,Columbia,1,10,10,18,5162.774000,306,207.586300,516.2774000000,9.1840747045,4.4000,0,7,0,0,1,0,1,2
South,"United States",Tennessee,Franklin,1,6,6,11,948.228000,31,-92.536000,158.0380000000,-9.7588343732,4.5000,4,5,0,0,0,0,0,3
South,"United States",Tennessee,Hendersonville,1,2,2,5,319.538000,417,-64.040100,159.7690000000,-20.0414661167,4.5000,4,5,0,0,0,0,0,2
South,"United States",Tennessee,Jackson,1,5,5,10,1424.740000,48,-43.956900,356.1850000000,-16.4511910945,4.0000,3,6,1,0,0,1,0,2
South,"United States",Tennessee,"Johnson City",1,3,3,12,765.848000,43,11.856200,255.2826666667,1.5481139861,4.0000,2,6,0,0,0,0,0,1
South,"United States",Tennessee,Knoxville,1,10,10,24,3839.246000,397,-1173.792300,426.5828888889,-32.3798117764,4.3000,3,7,1,0,1,1,1,3
South,"United States",Tennessee,Lebanon,1,3,3,3,488.896000,14,83.805700,162.9653333333,17.1418256644,5.3333,4,7,0,0,0,0,0,0
South,"United States",Tennessee,Memphis,1,14,14,30,5012.751000,116,-1337.444200,199.0427000000,1.7709968765,4.3571,2,7,4,0,2,4,2,5
South,"United States",Tennessee,Murfreesboro,1,4,4,11,332.605000,24,15.689100,17.6310000000,2.3808443461,4.0000,2,7,1,2,0,1,0,1
South,"United States",Tennessee,Nashville,1,16,16,29,5950.118600,112,-837.824400,421.0058285714,-14.4358859911,4.5625,1,7,2,1,1,2,1,4
South,"United States",Tennessee,Smyrna,1,4,4,7,848.579000,262,70.887100,212.1447500000,9.0719811617,5.2500,2,7,0,1,1,0,1,0
South,"United States",Virginia,Alexandria,1,6,6,16,5364.220000,84,220.219900,914.9920000000,31.1992322932,5.0000,4,7,1,0,1,1,1,0
South,"United States",Virginia,Arlington,1,21,21,32,13692.400000,123,1611.357500,718.1273684211,28.7787081060,3.9524,1,6,2,1,2,2,2,0
South,"United States",Virginia,Charlottesville,1,2,2,2,102.610000,7,10.395000,51.3050000000,30.0000000000,5.0000,3,7,0,0,1,0,1,0
South,"United States",Virginia,Chesapeake,1,10,10,18,5996.720000,72,1262.787000,599.6720000000,21.0579616857,4.5000,3,6,0,0,0,0,0,0
South,"United States",Virginia,Hampton,1,5,5,11,2222.020000,48,944.577100,326.2275000000,28.9615529040,4.2000,0,6,1,0,1,1,1,0
South,"United States",Virginia,Harrisonburg,1,4,4,7,4388.710000,25,889.523900,1097.1775000000,20.2684592967,2.7500,1,4,0,0,0,0,0,0
South,"United States",Virginia,"Newport News",1,5,5,12,3321.950000,359,279.366900,664.3900000000,23.0987160987,3.8000,0,5,0,0,2,0,2,0
South,"United States",Virginia,Richmond,1,13,13,27,4775.920000,113,1409.743000,369.9581818182,26.8812101613,3.9231,2,7,2,0,0,2,0,0
South,"United States",Virginia,Salem,1,6,6,13,2039.550000,46,533.025100,339.9250000000,26.1344463239,4.5000,3,6,0,1,0,0,0,0
South,"United States",Virginia,Springfield,1,25,25,50,16603.320000,198,4517.658100,715.1208695652,27.2501696799,3.2400,0,5,2,0,1,2,1,0
South,"United States",Virginia,Suffolk,1,4,4,10,1597.900000,32,389.812200,399.4750000000,24.3952813067,2.2500,1,4,0,0,0,0,0,0
South,"United States",Virginia,"Virginia Beach",1,11,11,16,2418.230000,62,2024.883700,241.8230000000,23.7928154063,4.5455,2,7,2,0,0,1,0,0
South,"United States",Virginia,Waynesboro,1,3,3,10,1861.910000,32,562.464200,379.9350000000,23.2409613081,3.0000,2,5,1,0,1,1,1,0
West,Canada,Alberta,Calgary,2,8,3,18,10971.506000,84,1940.353400,1371.4382500000,20.5714574603,4.7500,4,5,0,0,2,0,2,1
West,Canada,Alberta,Edmonton,1,2,1,8,578.744000,21,101.084400,303.0400000000,12.8497888068,5.0000,5,5,1,1,0,1,0,0
West,Canada,"British Columbia",Vancouver,5,14,5,22,2771.288000,81,15.890300,197.9491428571,3.6782327242,4.2857,2,5,0,0,1,0,1,2
West,Canada,Saskatchewan,Regina,1,2,1,2,63.968000,9,28.540000,63.9680000000,31.2500000000,5.0000,5,5,1,0,0,1,0,0
West,"United States",Arizona,Avondale,1,3,3,6,946.808000,30,76.169000,315.6026666667,8.0448200691,4.6667,3,6,0,0,0,0,0,1
West,"United States",Arizona,"Bullhead City",1,1,1,2,22.288000,3,6.723200,22.2880000000,30.1651112706,4.0000,4,4,0,0,0,0,0,0
West,"United States",Arizona,Chandler,1,6,6,7,993.936000,15,81.460500,248.4840000000,12.7393111830,4.3333,0,7,2,1,0,2,0,2
West,"United States",Arizona,Gilbert,1,5,5,15,3451.896000,55,113.393800,822.3480000000,10.4148546677,5.0000,4,7,2,1,3,1,2,0
West,"United States",Arizona,Glendale,1,13,13,23,1864.393000,67,183.620200,96.2905000000,-1.0583518547,3.8462,0,7,3,0,3,3,2,4
West,"United States",Arizona,Mesa,1,14,14,28,4037.740000,128,-557.732600,288.4100000000,-14.4537481649,4.0000,1,7,0,0,1,0,1,6
West,"United States",Arizona,Peoria,1,5,5,16,1341.352000,57,-136.451600,268.2704000000,-10.1726914337,3.2000,0,6,0,0,0,0,0,4
West,"United States",Arizona,Phoenix,1,29,28,63,10875.845000,222,-2872.628600,377.1118888889,-46.2273667674,4.2414,0,7,2,1,6,2,6,11
West,"United States",Arizona,Scottsdale,1,7,7,12,1466.307000,55,-111.865500,209.4724285714,-8.2592978982,3.2857,1,5,0,0,1,0,1,2
West,"United States",Arizona,"Sierra Vista",1,2,2,3,76.072000,9,16.828100,38.0360000000,22.1212798402,5.5000,4,7,0,0,0,0,0,0
West,"United States",Arizona,Tempe,1,6,6,13,1070.302000,41,95.449600,178.3836666667,8.9180063197,3.3333,0,5,0,0,0,0,0,3
West,"United States",Arizona,Tucson,1,13,12,32,6298.562000,145,-64.966800,392.8196363636,0.4921342573,3.3846,0,6,2,0,0,2,0,4
West,"United States",Arizona,Yuma,1,4,4,4,840.865000,22,-39.663700,210.2162500000,-16.4661657257,2.0000,0,5,0,0,1,0,1,2
West,"United States",California,Anaheim,1,9,9,27,7986.870000,349,1074.926400,887.4300000000,15.1094526393,3.8889,0,7,0,0,3,0,3,0
West,"United States",California,Antioch,1,1,1,1,NULL,NULL,9.331200,NULL,NULL,1.0000,1,1,1,1,0,1,0,0
West,"United States",California,"Apple Valley",1,3,3,7,1915.081000,27,254.668400,638.3603333333,4.5772317339,3.3333,1,7,0,0,1,0,1,0
West,"United States",California,Bakersfield,1,8,8,16,890.922000,47,150.924700,127.2745714286,16.3584558156,4.5000,2,6,1,0,1,1,1,1
West,"United States",California,Brentwood,1,6,6,16,5090.114000,303,1216.810400,848.3523333333,23.9053663631,4.3333,2,7,0,0,0,0,0,0
West,"United States",California,Burbank,1,1,1,3,3247.158000,9,195.103800,3247.1580000000,6.0084480028,6.0000,6,6,0,1,0,0,0,0
West,"United States",California,Camarillo,1,2,2,5,1467.517500,16,158.795600,733.7587500000,10.8206954943,4.5000,4,5,0,0,0,0,0,0
West,"United States",California,Chico,1,3,3,11,2042.186000,39,198.320100,648.5330000000,16.8973591167,4.6667,4,5,1,1,2,1,1,0
West,"United States",California,"Chula Vista",1,3,3,3,1041.620000,13,248.434600,347.2066666667,23.8507901154,3.0000,0,5,0,0,0,0,0,0
West,"United States",California,"Citrus Heights",1,1,1,1,129.390000,3,54.343800,129.3900000000,42.0000000000,7.0000,7,7,0,0,0,0,0,0
West,"United States",California,Coachella,1,1,1,2,163.550000,3,47.173600,163.5500000000,28.8435340874,5.0000,5,5,0,0,0,0,0,0
West,"United States",California,Concord,1,6,6,8,2602.928000,421,282.420800,433.8213333333,10.8501195577,3.8333,0,6,0,0,0,0,0,1
West,"United States",California,"Costa Mesa",1,5,5,11,1497.670000,37,270.812200,299.5340000000,21.1466441523,4.8000,3,6,0,2,1,0,1,0
West,"United States",California,Danville,1,1,1,6,1158.882000,31,282.440500,1158.8820000000,24.3718083463,2.0000,2,2,0,0,0,0,0,0
West,"United States",California,Davis,1,1,1,1,32.400000,5,15.552000,32.4000000000,48.0000000000,6.0000,6,6,0,0,0,0,0,0
West,"United States",California,Dublin,1,1,1,1,22.000000,5,NULL,22.0000000000,NULL,6.0000,6,6,0,0,1,0,1,0
West,"United States",California,"El Cajon",1,2,2,2,865.616000,2,52.687200,432.8080000000,6.0866712260,5.5000,5,6,0,1,0,0,0,0
West,"United States",California,Encinitas,1,23,23,39,7629.139000,137,1453.672200,346.7790454545,19.1980824710,4.0870,0,7,1,1,1,1,1,1
West,"United States",California,Escondido,1,3,3,3,94.548000,9,27.753000,31.5160000000,29.3533443330,4.3333,4,5,0,0,0,0,0,0
West,"United States",California,Fairfield,1,2,2,9,1470.584000,30,117.977400,735.2920000000,8.0224863048,3.5000,3,4,0,0,0,0,0,0
West,"United States",California,Fresno,1,11,10,26,7888.528500,106,941.246300,717.1389545455,11.8370361686,3.7273,1,6,0,0,1,0,1,0
West,"United States",California,Hesperia,1,3,3,4,776.467500,18,98.526900,388.2337500000,17.6103314047,4.3333,4,5,1,0,0,1,0,1
West,"United States",California,"Huntington Beach",1,5,5,6,2527.820000,19,875.287200,505.5640000000,34.7684296784,3.2000,0,6,0,0,1,0,1,0
West,"United States",California,Inglewood,1,4,4,16,3479.328000,53,1026.696000,869.8320000000,29.5084568055,2.0000,1,4,0,0,0,0,0,0
West,"United States",California,"La Mesa",1,1,1,2,82.560000,8,114.387000,NULL,NULL,5.0000,5,5,1,0,0,1,0,0
West,"United States",California,"La Quinta",1,1,1,1,46.320000,4,NULL,46.3200000000,NULL,2.0000,2,2,0,0,1,0,1,0
West,"United States",California,"Laguna Niguel",1,3,3,4,290.983000,15,41.981500,96.9943333333,14.4274751446,4.6667,4,6,0,0,0,0,0,0
West,"United States",California,"Lake Elsinore",1,1,1,1,283.920000,5,17.745000,283.9200000000,6.2500000000,6.0000,6,6,0,0,0,0,0,0
West,"United States",California,"Lake Forest",1,2,2,6,710.400000,13,327.531400,597.8600000000,28.7348877664,3.5000,3,4,1,1,0,1,0,0
West,"United States",California,Lakewood,1,5,5,8,1566.783000,35,141.138400,385.4257500000,12.4613554232,4.0000,2,5,1,0,1,1,1,0
West,"United States",California,Lancaster,1,4,4,5,477.444000,15,44.544400,119.3610000000,34.6605870086,2.7500,1,4,0,0,1,0,1,0
West,"United States",California,Lodi,1,2,2,2,136.980000,9,44.485800,68.4900000000,32.4761279019,6.5000,6,7,0,0,0,0,0,0
West,"United States",California,"Long Beach",1,11,11,27,4933.830000,114,479.850800,448.5300000000,14.3731286312,4.1818,1,7,0,0,2,0,2,2
West,"United States",California,"Los Angeles",6,384,304,747,168747.265000,4724,20149.313200,432.8392556180,10.9704380446,4.0495,0,7,30,14,24,28,22,19
West,"United States",California,Manteca,1,2,2,3,452.182000,8,172.235800,226.0910000000,38.0899283917,3.0000,0,6,0,0,0,0,0,0
West,"United States",California,"Mission Viejo",1,3,3,5,775.986000,18,104.264500,258.6620000000,15.7455709422,3.3333,2,4,0,0,1,0,1,0
West,"United States",California,Modesto,1,3,3,3,214.360000,3,-23.655100,107.1800000000,-11.0352211233,4.3333,2,6,1,1,1,1,1,1
West,"United States",California,Montebello,1,1,1,1,27.880000,2,3.903200,27.8800000000,14.0000000000,4.0000,4,4,0,0,0,0,0,0
West,"United States",California,"Moreno Valley",1,5,5,10,1236.066000,37,-4062.222700,298.5465000000,-341.2316255592,4.2000,2,6,1,1,0,1,0,1
West,"United States",California,"Morgan Hill",1,1,1,4,545.010000,16,-1342.391600,545.0100000000,-246.3058659474,4.0000,4,4,0,0,0,0,0,1
West,"United States",California,Murrieta,1,1,1,1,484.650000,3,92.083500,484.6500000000,19.0000000000,4.0000,4,4,0,0,0,0,0,0
West,"United States",California,Oakland,1,13,13,26,5929.838000,106,-4458.398100,494.1531666667,-156.7379385893,3.7692,1,5,1,1,2,1,2,2
West,"United States",California,Oceanside,1,5,5,8,499.612000,25,117.513000,99.9224000000,23.5208521813,4.0000,0,5,0,0,0,0,0,0
West,"United States",California,Ontario,1,1,1,1,283.920000,5,-46.137000,283.9200000000,-16.2500000000,5.0000,5,5,0,0,0,0,0,1
West,"United States",California,Oxnard,1,4,4,9,1558.100000,31,346.457700,389.5250000000,22.2359091201,3.5000,0,5,0,0,0,0,0,0
West,"United States",California,Pasadena,1,11,10,25,4112.688000,97,429.976900,373.8807272727,10.4548874118,3.9091,1,7,0,0,0,0,0,3
West,"United States",California,"Pico Rivera",1,1,1,1,145.900000,5,62.737000,145.9000000000,43.0000000000,3.0000,3,3,0,0,0,0,0,0
West,"United States",California,Pomona,1,5,5,7,1482.502000,34,150.299000,296.5004000000,10.1381988018,3.6000,0,7,0,0,0,0,0,1
West,"United States",California,"Rancho Cucamonga",1,4,4,4,231.852000,14,73.744200,57.9630000000,31.8065835102,4.2500,3,5,0,0,0,0,0,0
West,"United States",California,Redding,1,1,1,1,333.576000,3,25.018200,333.5760000000,7.5000000000,6.0000,6,6,0,0,0,0,0,0
West,"United States",California,Redlands,1,4,4,16,2709.671000,525,452.895600,900.3436666667,36.8082241106,2.5000,0,6,1,2,1,1,1,0
West,"United States",California,"Redondo Beach",1,3,3,8,1955.443000,33,176.428900,923.8415000000,6.7425472876,3.3333,1,5,1,1,0,1,0,0
West,"United States",California,"Redwood City",1,1,1,1,41.904000,6,14.142600,41.9040000000,33.7500000000,6.0000,6,6,0,0,0,0,0,0
West,"United States",California,Riverside,1,9,9,14,1944.246000,277,374.729600,216.0273333333,19.2737750264,3.0000,0,6,0,0,0,0,0,0
West,"United States",California,Roseville,1,7,7,14,723.256000,55,307.325800,79.7633333333,45.8518116093,4.4286,1,6,1,0,1,1,1,0
West,"United States",California,Sacramento,1,8,8,13,7311.278000,36,2069.685900,913.9097500000,28.3081275257,4.2500,2,7,0,0,0,0,0,1
West,"United States",California,Salinas,1,4,4,8,728.891000,39,270.518100,182.2227500000,37.1136562257,3.5000,2,5,0,0,0,0,0,0
West,"United States",California,"San Bernardino",1,4,4,9,969.428000,33,69.982000,85.3786666667,36.4028484867,4.5000,4,6,1,0,0,1,0,1
West,"United States",California,"San Clemente",1,1,1,2,90.058000,10,42.541900,90.0580000000,47.2383352950,4.0000,4,4,0,0,0,0,0,0
West,"United States",California,"San Diego",2,67,67,136,40322.283000,616,4972.813800,616.8498307692,12.3165336771,4.1493,0,7,2,2,4,2,4,3
West,"United States",California,"San Francisco",3,265,232,510,106950.239000,3332,12745.542000,403.3184484127,9.9373580401,3.6642,0,7,14,7,15,13,14,16
West,"United States",California,"San Gabriel",1,1,1,3,2061.010000,13,290.895300,2061.0100000000,14.1142109936,5.0000,5,5,0,0,0,0,0,0
West,"United States",California,"San Jose",1,20,17,42,5962.621000,547,1197.953500,297.7602631579,19.3646172658,4.0500,1,6,1,1,2,1,2,2
West,"United States",California,"San Luis Obispo",1,1,1,1,3.620000,2,1.194600,3.6200000000,33.0000000000,5.0000,5,5,0,0,0,0,0,0
West,"United States",California,"San Mateo",1,1,1,1,75.180000,6,35.334600,75.1800000000,47.0000000000,2.0000,2,2,0,0,0,0,0,0
West,"United States",California,"Santa Ana",1,8,7,14,3366.310000,46,836.746500,420.7887500000,24.8564897469,2.7500,0,6,0,3,0,0,0,1
West,"United States",California,"Santa Barbara",1,5,5,8,4262.274000,30,457.285800,190.1865000000,8.6134925455,4.0000,2,5,1,0,0,1,0,1
West,"United States",California,"Santa Clara",1,3,3,6,222.192000,181,66.338400,74.0640000000,30.4157074553,3.6667,2,5,0,0,1,0,1,0
West,"United States",California,"Santa Maria",1,1,1,1,115.440000,3,30.014400,115.4400000000,26.0000000000,2.0000,2,2,0,0,0,0,0,0
West,"United States",California,Stockton,1,5,5,6,1227.600000,34,339.526400,245.5200000000,27.6577386771,3.8000,2,6,0,0,0,0,0,0
West,"United States",California,Sunnyvale,1,2,2,6,636.210000,23,107.507300,318.1050000000,16.8980839660,3.0000,2,4,0,0,0,0,0,1
West,"United States",California,Temecula,1,1,1,4,808.666000,14,-94.533900,808.6660000000,-11.6901044436,2.0000,2,2,0,0,0,0,0,1
West,"United States",California,"Thousand Oaks",1,4,4,5,238.804000,20,99.914000,59.7010000000,41.8393326745,3.7500,2,5,0,0,0,0,0,0
West,"United States",California,Torrance,1,2,2,4,2017.996000,16,545.151000,2011.9000000000,24.9095879517,5.5000,4,7,1,0,0,1,0,0
West,"United States",California,Vacaville,1,1,1,1,423.280000,11,110.052800,423.2800000000,26.0000000000,3.0000,3,3,0,0,0,0,0,0
West,"United States",California,Vallejo,1,3,3,6,1221.410000,22,329.244000,407.1366666667,26.8294052435,4.6667,4,5,0,0,1,0,1,0
West,"United States",California,Visalia,1,2,2,4,318.780000,652,88.047800,159.3900000000,27.6202396637,4.5000,2,7,0,0,0,0,0,0
West,"United States",California,Westminster,1,4,4,17,2353.546000,46,351.220600,421.1106666667,18.2334730696,3.5000,1,5,1,2,1,1,1,0
West,"United States",California,Whittier,1,1,1,1,444.768000,4,44.476800,444.7680000000,10.0000000000,5.0000,5,5,0,0,0,0,0,0
West,"United States",California,Woodland,1,2,2,3,264.662000,7,33.384800,132.3310000000,12.6141266974,3.0000,2,4,0,0,0,0,0,0
West,"United States",California,Yucaipa,1,1,1,1,50.800000,5,13.208000,50.8000000000,26.0000000000,7.0000,7,7,0,0,0,0,0,0
West,"United States",Colorado,Arvada,1,1,1,4,503.400000,7,56.260800,503.4000000000,NULL,2.0000,2,2,0,1,1,0,1,0
West,"United States",Colorado,Aurora,1,15,15,34,3914.446000,351,-792.927400,267.5587142857,-15.9378727110,3.9333,1,7,1,4,2,1,2,5
West,"United States",Colorado,Broomfield,1,2,2,5,793.504000,23,-12.129000,396.7520000000,12.5000000000,4.5000,4,5,0,0,1,0,1,0
West,"United States",Colorado,"Colorado Springs",1,9,9,25,3694.009000,110,-807.507700,410.4454444444,-21.0619638316,3.6667,1,6,0,0,3,0,1,2
West,"United States",Colorado,"Commerce City",1,1,1,1,146.352000,3,-32.929200,146.3520000000,-22.5000000000,3.0000,3,3,0,0,0,0,0,1
West,"United States",Colorado,Denver,1,17,17,44,12183.305000,160,-417.047300,724.7099375000,-0.6238448967,4.2353,0,7,1,2,3,1,2,5
West,"United States",Colorado,Englewood,1,1,1,2,124.056000,243,13.754700,124.0560000000,11.0874927452,5.0000,5,5,0,0,0,0,0,0
West,"United States",Colorado,"Fort Collins",1,5,5,7,935.252000,20,-252.692600,187.0504000000,-27.0186644883,2.8000,1,6,0,0,0,0,0,2
West,"United States",Colorado,Greeley,1,1,1,2,30.352000,5,7.008000,30.3520000000,NULL,3.0000,3,3,0,0,1,0,1,0
West,"United States",Colorado,Littleton,1,1,1,1,72.294000,1,-98.801800,72.2940000000,-136.6666666667,2.0000,2,2,0,0,0,0,0,1
West,"United States",Colorado,Longmont,1,2,2,3,915.088000,10,34.825200,457.5440000000,3.8056667774,4.0000,2,6,0,0,0,0,0,1
West,"United States",Colorado,Louisville,1,12,12,24,5070.416000,87,-3426.367900,422.5346666667,-70.3735084718,3.5000,1,6,0,1,1,0,1,4
West,"United States",Colorado,Loveland,1,3,3,4,12.996000,8,4.477800,2.1060000000,-37.8632478632,3.3333,3,4,1,0,0,1,0,2
West,"United States",Colorado,Parker,1,2,2,8,1035.150000,24,-162.288500,193.6340000000,-101.8581447473,4.5000,4,5,1,0,1,1,1,1
West,"United States",Colorado,Pueblo,1,4,4,8,1674.962000,42,-966.390300,295.1293333333,6.8399616891,1.7500,0,4,1,0,1,1,1,1
West,"United States",Colorado,Thornton,1,3,3,10,765.248000,47,-2194.384000,255.0826666667,-487.8668433256,2.6667,0,5,0,0,1,0,1,1
West,"United States",Idaho,Boise,1,3,3,4,1094.470000,9,221.937300,364.8233333333,20.2780615275,3.6667,3,4,0,0,0,0,0,0
West,"United States",Idaho,Caldwell,1,1,1,3,455.632000,11,58.696600,455.6320000000,12.8824577729,4.0000,4,4,0,0,0,0,0,0
West,"United States",Idaho,Lewiston,1,1,1,1,9.584000,1,3.354400,9.5840000000,35.0000000000,5.0000,5,5,0,0,0,0,0,0
West,"United States",Idaho,Meridian,1,2,2,4,307.740000,11,95.214000,307.7400000000,28.3427568727,5.5000,5,6,1,0,0,1,0,0
West,"United States",Idaho,Pocatello,1,3,3,7,1344.942000,25,181.355900,448.3140000000,13.4842915159,2.0000,2,2,0,0,0,0,0,0
West,"United States",Idaho,"Twin Falls",1,1,1,2,1148.806000,7,266.164900,1148.8060000000,23.1688292018,5.0000,5,5,0,0,0,0,0,0
West,"United States",Montana,Billings,1,1,1,1,8.288000,2,2.693600,8.2880000000,32.5000000000,0.0000,0,0,0,0,0,0,0,0
West,"United States",Montana,Bozeman,1,1,1,2,43.660000,5,20.810600,43.6600000000,47.6651397160,4.0000,4,4,0,0,0,0,0,0
West,"United States",Montana,"Great Falls",1,3,3,8,4605.580000,264,1582.707100,1535.1933333333,34.3649898601,5.6667,5,7,0,1,0,0,0,0
West,"United States",Montana,Helena,1,2,2,3,443.840000,17,74.622200,221.9200000000,16.8128604903,3.5000,3,4,0,0,0,0,0,0
West,"United States",Montana,Missoula,1,1,1,1,487.984000,2,152.495000,487.9840000000,31.2500000000,4.0000,4,4,0,0,0,0,0,0
West,"United States",Nevada,Henderson,1,2,2,3,1888.058000,13,72.726800,944.0290000000,36.0000000000,2.0000,1,3,0,0,1,0,1,0
West,"United States",Nevada,"Las Vegas",1,8,8,13,1825.732000,61,332.443300,91.1005714286,37.7012532460,4.7500,2,7,1,0,0,1,0,0
West,"United States",Nevada,"North Las Vegas",1,7,7,16,9801.002000,58,-22076.481400,1400.1431428571,-225.2471879916,4.0000,1,7,0,0,0,0,0,1
West,"United States",Nevada,Reno,1,3,3,4,644.062000,17,95.214700,214.6873333333,14.7834680512,3.3333,0,6,0,0,0,0,0,0
West,"United States",Nevada,Sparks,1,3,3,3,2561.960000,19,228.536000,853.9866666667,8.9203578510,5.3333,2,7,0,0,0,0,0,0
West,"United States","New Mexico",Albuquerque,1,7,7,14,2022.038000,60,521.514100,284.5516000000,30.8630671827,4.2857,0,6,2,1,1,2,1,0
West,"United States","New Mexico",Carlsbad,1,5,5,11,419.340000,35,79.238500,83.8680000000,20.1919551238,4.8000,4,6,0,0,1,0,1,1
West,"United States","New Mexico",Clovis,1,1,1,2,111.420000,10,11.635200,111.4200000000,10.4426494346,4.0000,4,4,0,0,0,0,0,0
West,"United States","New Mexico",Farmington,1,3,3,3,718.720000,11,169.411500,239.5733333333,23.5712794969,3.3333,1,7,0,0,0,0,0,0
West,"United States","New Mexico","Las Cruces",1,3,3,3,98.770000,9,43.939400,32.9233333333,44.4865849954,4.0000,2,5,0,0,0,0,0,0
West,"United States","New Mexico","Rio Rancho",1,1,1,2,1114.192000,244,119.587800,1114.1920000000,10.7331411462,5.0000,5,5,0,0,0,0,0,0
West,"United States","New Mexico","Santa Fe",1,2,2,2,100.920000,14,-460.416000,50.4600000000,-456.2187871581,5.0000,5,5,0,0,0,0,0,1
West,"United States",Oregon,Eugene,1,1,1,6,1465.032000,23,121.430200,1465.0320000000,NULL,2.0000,2,2,0,0,2,0,1,0
West,"United States",Oregon,Gresham,1,4,4,5,2133.424000,28,150.864400,533.3560000000,7.0714682126,5.0000,4,6,0,0,0,0,0,2
West,"United States",Oregon,Hillsboro,1,2,2,4,87.838000,14,1.545500,43.9190000000,1.7594890594,3.0000,2,4,0,0,0,0,0,1
West,"United States",Oregon,Medford,1,3,3,4,90.218000,10,12.014000,30.0726666667,2.6388004400,5.3333,5,6,0,0,1,0,1,1
West,"United States",Oregon,Portland,1,15,15,24,4014.189000,92,-17.219700,266.7317857143,-2.6164217934,3.9333,2,6,1,0,1,1,1,5
West,"United States",Oregon,Redmond,1,4,4,8,1043.027000,42,-856.825600,260.7567500000,-82.1479789114,4.5000,1,6,0,0,0,0,0,4
West,"United States",Oregon,Salem,1,9,9,27,1378.391000,101,-411.415200,75.4990000000,-23.9410739594,3.3333,2,5,2,0,0,2,0,3
West,"United States",Oregon,Springfield,1,15,15,38,4827.156000,155,-1311.400400,376.8734545455,-32.5519717129,4.4667,1,7,5,1,4,4,3,6
West,"United States",Oregon,Tigard,1,3,3,8,1393.782000,26,-49.016100,464.5940000000,12.2622537978,4.6667,4,6,0,0,1,0,1,0
West,"United States",Utah,Draper,1,2,2,3,263.650000,13,92.725500,131.8250000000,35.1699222454,3.5000,1,6,0,0,0,0,0,0
West,"United States",Utah,Layton,1,1,1,1,4.960000,4,2.331200,4.9600000000,47.0000000000,4.0000,4,4,0,0,0,0,0,0
West,"United States",Utah,Lehi,1,2,2,2,1516.726000,8,451.662600,758.3630000000,29.7787866760,4.0000,2,6,0,0,0,0,0,0
West,"United States",Utah,Logan,1,1,1,5,280.276000,21,46.963200,280.2760000000,16.7560547460,5.0000,5,5,0,0,0,0,0,0
West,"United States",Utah,Murray,1,2,2,3,146.318000,15,37.062800,73.1590000000,25.3303079594,1.5000,0,3,0,0,0,0,0,0
West,"United States",Utah,Orem,1,5,5,9,2994.088000,32,514.633500,598.8176000000,17.1883224541,4.8000,4,6,0,0,0,0,0,0
West,"United States",Utah,"Pleasant Grove",1,2,2,7,2121.778000,662,275.524900,12.1440000000,33.7500000000,3.5000,2,5,1,0,1,1,1,0
West,"United States",Utah,Provo,1,4,4,10,2761.234000,275,388.567400,690.3085000000,14.0722372678,4.5000,3,6,0,0,0,0,0,0
West,"United States",Utah,"Salt Lake City",1,5,5,8,802.776000,200,329.260100,160.5552000000,41.0151897914,4.4000,2,6,0,0,0,0,0,0
West,"United States",Utah,"West Jordan",1,2,2,5,311.850000,16,102.672300,155.9250000000,32.9236171236,4.0000,2,6,0,0,0,0,0,0
West,"United States",Washington,Auburn,1,1,1,1,4.180000,1,1.504800,4.1800000000,36.0000000000,6.0000,6,6,0,0,0,0,0,0
West,"United States",Washington,Bellevue,1,5,5,6,103.622000,18,37.054800,20.7244000000,35.7595877323,4.8000,4,7,0,0,0,0,0,0
West,"United States",Washington,Bellingham,1,2,2,3,3790.240000,24,610.590800,1895.1200000000,16.1095550678,3.5000,2,5,0,0,0,0,0,0
West,"United States",Washington,Covington,1,2,2,4,413.680000,20,115.109400,206.8400000000,27.8257106943,3.5000,3,4,0,0,0,0,0,0
West,"United States",Washington,"Des Moines",1,5,5,7,3454.438000,14,1250.343400,690.8876000000,36.1952769162,4.2000,2,6,0,1,0,0,0,0
West,"United States",Washington,Edmonds,1,5,5,14,2523.692000,42,613.709800,504.7384000000,24.8028355679,3.4000,2,4,0,0,1,0,1,0
West,"United States",Washington,Everett,1,1,1,1,3.856000,1,1.397800,3.8560000000,36.2500000000,4.0000,4,4,0,0,0,0,0,0
West,"United States",Washington,Kent,1,3,3,8,1351.254000,28,603.096300,450.4180000000,44.6323415139,4.6667,2,7,0,0,0,0,0,0
West,"United States",Washington,Longview,1,2,2,3,119.210000,10,38.898300,59.6050000000,32.6300645919,3.5000,3,4,0,0,0,0,0,0
West,"United States",Washington,Marysville,1,2,2,2,102.180000,15,3.315000,51.0900000000,3.2442748092,4.0000,4,4,0,0,0,0,0,0
West,"United States",Washington,Olympia,1,3,3,5,1020.448000,15,139.626900,340.1493333333,13.6829020195,2.6667,2,4,0,0,0,0,0,0
West,"United States",Washington,Pasco,1,2,2,6,2201.112000,27,357.524400,1100.5560000000,16.2428990438,6.5000,6,7,0,0,0,0,0,0
West,"United States",Washington,Redmond,1,2,2,3,55.230000,10,20.732200,27.6150000000,37.5379322832,5.5000,5,6,0,0,0,0,0,0
West,"United States",Washington,Renton,1,1,1,3,1242.632000,14,185.432400,1242.6320000000,14.9225514875,4.0000,4,4,0,0,0,0,0,0
West,"United States",Washington,Seattle,3,212,188,428,98007.880000,3694,19820.263600,451.4936597938,10.3840848849,3.9717,0,7,18,8,15,18,14,12
West,"United States",Washington,Spokane,1,5,5,7,1956.938000,36,172.226100,489.2345000000,7.7489373705,2.6000,1,4,1,0,0,1,0,0
West,"United States",Washington,Vancouver,1,3,3,5,686.836000,252,75.454600,228.9453333333,10.9858248548,4.3333,4,5,0,0,0,0,0,0
West,"United States",Wyoming,Cheyenne,1,1,1,1,1603.136000,4,100.196000,1603.1360000000,6.2500000000,5.0000,5,5,0,0,0,0,0,0
